{"v":"5.6.10","fr":60,"ip":0,"op":240,"w":1080,"h":1080,"nm":"Blushing_MAIN","ddd":0,"assets":[{"id":"comp_0","layers":[{"ddd":0,"ind":1,"ty":4,"nm":"FLAT","sr":1,"ks":{"o":{"a":0,"k":100,"ix":11},"r":{"a":0,"k":0,"ix":10},"p":{"a":0,"k":[540,540,0],"ix":2},"a":{"a":0,"k":[0,0,0],"ix":1},"s":{"a":0,"k":[100,100,100],"ix":6}},"ao":0,"shapes":[{"ty":"gr","it":[{"d":1,"ty":"el","s":{"a":0,"k":[770,770],"ix":2},"p":{"a":0,"k":[0,0],"ix":3},"nm":"Ellipse Path 1","mn":"ADBE Vector Shape - Ellipse","hd":false},{"ty":"fl","c":{"a":0,"k":[1,0.724767288507,0.105575980392,1],"ix":4},"o":{"a":0,"k":100,"ix":5},"r":1,"bm":0,"nm":"Fill 1","mn":"ADBE Vector Graphic - Fill","hd":false},{"ty":"tr","p":{"a":0,"k":[0,0],"ix":2},"a":{"a":0,"k":[0,0],"ix":1},"s":{"a":0,"k":[100,100],"ix":3},"r":{"a":0,"k":0,"ix":6},"o":{"a":0,"k":100,"ix":7},"sk":{"a":0,"k":0,"ix":4},"sa":{"a":0,"k":0,"ix":5},"nm":"Transform"}],"nm":"Ellipse 1","np":2,"cix":2,"bm":0,"ix":1,"mn":"ADBE Vector Group","hd":false}],"ip":0,"op":3604,"st":0,"bm":0}]}],"layers":[{"ddd":0,"ind":1,"ty":3,"nm":"Face Rotation","parent":8,"sr":1,"ks":{"o":{"a":0,"k":0,"ix":11},"r":{"a":1,"k":[{"i":{"x":[0.32],"y":[1]},"o":{"x":[0.68],"y":[0]},"t":0,"s":[-14]},{"i":{"x":[0.32],"y":[1]},"o":{"x":[0.68],"y":[0]},"t":35.41,"s":[14.016]},{"i":{"x":[0.32],"y":[1]},"o":{"x":[0.68],"y":[0]},"t":78.689,"s":[-14]},{"i":{"x":[0.32],"y":[1]},"o":{"x":[0.68],"y":[0]},"t":123.541,"s":[14.016]},{"i":{"x":[0.32],"y":[1]},"o":{"x":[0.68],"y":[0]},"t":166.82,"s":[-14]},{"i":{"x":[0.414],"y":[1]},"o":{"x":[0.68],"y":[0]},"t":211.672,"s":[14.016]},{"t":240,"s":[-14]}],"ix":10},"p":{"a":0,"k":[540,540,0],"ix":2},"a":{"a":0,"k":[0,0,0],"ix":1},"s":{"a":0,"k":[100,100,100],"ix":6}},"ao":0,"ip":0,"op":305,"st":0,"bm":0},{"ddd":0,"ind":2,"ty":3,"nm":"Face Null","parent":1,"sr":1,"ks":{"o":{"a":0,"k":0,"ix":11},"r":{"a":0,"k":0,"ix":10},"p":{"a":1,"k":[{"i":{"x":0.13,"y":1},"o":{"x":0.444,"y":0},"t":0,"s":[0,80.824,0],"to":[0,-29.55,0],"ti":[0,15.483,0]},{"i":{"x":0.242,"y":1},"o":{"x":0.502,"y":0},"t":35.41,"s":[0,-96.476,0],"to":[0,0,0],"ti":[0,15.483,0]},{"i":{"x":1,"y":1},"o":{"x":0.408,"y":0},"t":78.689,"s":[0,-60.076,0],"to":[0,0,0],"ti":[0,0,0]},{"i":{"x":0.414,"y":1},"o":{"x":0.572,"y":0},"t":215.607,"s":[0,-60.076,0],"to":[0,15.483,0],"ti":[0,-23.483,0]},{"t":240,"s":[0,80.824,0]}],"ix":2},"a":{"a":0,"k":[50,50,0],"ix":1},"s":{"a":0,"k":[100,100,100],"ix":6}},"ao":0,"ip":0,"op":305,"st":0,"bm":0},{"ddd":0,"ind":3,"ty":4,"nm":"R Eye","parent":2,"sr":1,"ks":{"o":{"a":0,"k":100,"ix":11},"r":{"a":0,"k":0,"ix":10},"p":{"a":0,"k":[70,50.076,0],"ix":2},"a":{"a":0,"k":[0,0,0],"ix":1},"s":{"a":0,"k":[-100,100,100],"ix":6}},"ao":0,"shapes":[{"ty":"gr","it":[{"ind":0,"ty":"sh","ix":1,"ks":{"a":0,"k":{"i":[[0,22.368],[-22.368,0],[0,-22.368]],"o":[[0,-22.368],[22.368,0],[0,22.368]],"v":[[-154,-46.005],[-113.5,-86.505],[-73,-46.005]],"c":false},"ix":2},"nm":"Path 1","mn":"ADBE Vector Shape - Group","hd":false},{"ty":"st","c":{"a":0,"k":[0,0,0,1],"ix":3},"o":{"a":0,"k":100,"ix":4},"w":{"a":0,"k":25,"ix":5},"lc":2,"lj":1,"ml":4,"bm":0,"nm":"Stroke 1","mn":"ADBE Vector Graphic - Stroke","hd":false},{"ty":"tr","p":{"a":0,"k":[0,0],"ix":2},"a":{"a":0,"k":[0,0],"ix":1},"s":{"a":0,"k":[100,100],"ix":3},"r":{"a":0,"k":0,"ix":6},"o":{"a":0,"k":100,"ix":7},"sk":{"a":0,"k":0,"ix":4},"sa":{"a":0,"k":0,"ix":5},"nm":"Transform"}],"nm":"Ellipse 1","np":2,"cix":2,"bm":0,"ix":1,"mn":"ADBE Vector Group","hd":false}],"ip":0,"op":305,"st":0,"bm":0},{"ddd":0,"ind":4,"ty":4,"nm":"L Eye","parent":2,"sr":1,"ks":{"o":{"a":0,"k":100,"ix":11},"r":{"a":0,"k":0,"ix":10},"p":{"a":0,"k":[30,50.076,0],"ix":2},"a":{"a":0,"k":[0,0,0],"ix":1},"s":{"a":0,"k":[100,100,100],"ix":6}},"ao":0,"shapes":[{"ty":"gr","it":[{"ind":0,"ty":"sh","ix":1,"ks":{"a":0,"k":{"i":[[0,22.368],[-22.368,0],[0,-22.368]],"o":[[0,-22.368],[22.368,0],[0,22.368]],"v":[[-154,-46.005],[-113.5,-86.505],[-73,-46.005]],"c":false},"ix":2},"nm":"Path 1","mn":"ADBE Vector Shape - Group","hd":false},{"ty":"st","c":{"a":0,"k":[0,0,0,1],"ix":3},"o":{"a":0,"k":100,"ix":4},"w":{"a":0,"k":25,"ix":5},"lc":2,"lj":1,"ml":4,"bm":0,"nm":"Stroke 1","mn":"ADBE Vector Graphic - Stroke","hd":false},{"ty":"tr","p":{"a":0,"k":[0,0],"ix":2},"a":{"a":0,"k":[0,0],"ix":1},"s":{"a":0,"k":[100,100],"ix":3},"r":{"a":0,"k":0,"ix":6},"o":{"a":0,"k":100,"ix":7},"sk":{"a":0,"k":0,"ix":4},"sa":{"a":0,"k":0,"ix":5},"nm":"Transform"}],"nm":"Ellipse 1","np":2,"cix":2,"bm":0,"ix":1,"mn":"ADBE Vector Group","hd":false}],"ip":0,"op":305,"st":0,"bm":0},{"ddd":0,"ind":5,"ty":4,"nm":"Smile","parent":2,"sr":1,"ks":{"o":{"a":0,"k":100,"ix":11},"r":{"a":0,"k":0,"ix":10},"p":{"a":0,"k":[50,89.865,0],"ix":2},"a":{"a":0,"k":[0,0,0],"ix":1},"s":{"a":0,"k":[100,100,100],"ix":6}},"ao":0,"shapes":[{"ty":"gr","it":[{"ind":0,"ty":"sh","ix":1,"ks":{"a":0,"k":{"i":[[6.362,-10.037],[56.457,0],[28.967,45.587]],"o":[[-28.758,45.371],[-61.708,0],[-6.432,-10.123]],"v":[[152.182,42.172],[0.108,121.349],[-150.543,42.579]],"c":false},"ix":2},"nm":"Path 1","mn":"ADBE Vector Shape - Group","hd":false},{"ty":"tm","s":{"a":1,"k":[{"i":{"x":[0.12],"y":[1]},"o":{"x":[0.58],"y":[0]},"t":0,"s":[10]},{"i":{"x":[0.48],"y":[0.905]},"o":{"x":[0.333],"y":[0]},"t":35.41,"s":[0]},{"i":{"x":[0.414],"y":[1]},"o":{"x":[0.572],"y":[0.002]},"t":211.672,"s":[0]},{"t":240,"s":[10]}],"ix":1},"e":{"a":1,"k":[{"i":{"x":[0.12],"y":[1]},"o":{"x":[0.58],"y":[0]},"t":0,"s":[90]},{"i":{"x":[0.48],"y":[0.905]},"o":{"x":[0.333],"y":[0]},"t":35.41,"s":[100]},{"i":{"x":[0.414],"y":[1]},"o":{"x":[0.572],"y":[-0.002]},"t":211.672,"s":[100]},{"t":240,"s":[90]}],"ix":2},"o":{"a":0,"k":0,"ix":3},"m":1,"ix":2,"nm":"Trim Paths 1","mn":"ADBE Vector Filter - Trim","hd":false},{"ty":"st","c":{"a":0,"k":[0,0,0,1],"ix":3},"o":{"a":0,"k":100,"ix":4},"w":{"a":0,"k":30,"ix":5},"lc":2,"lj":1,"ml":4,"bm":0,"nm":"Stroke 1","mn":"ADBE Vector Graphic - Stroke","hd":false},{"ty":"tr","p":{"a":0,"k":[0,0],"ix":2},"a":{"a":0,"k":[0,0],"ix":1},"s":{"a":0,"k":[100,100],"ix":3},"r":{"a":0,"k":0,"ix":6},"o":{"a":0,"k":100,"ix":7},"sk":{"a":0,"k":0,"ix":4},"sa":{"a":0,"k":0,"ix":5},"nm":"Transform"}],"nm":"Ellipse 1","np":3,"cix":2,"bm":0,"ix":1,"mn":"ADBE Vector Group","hd":false}],"ip":0,"op":305,"st":-60,"bm":0},{"ddd":0,"ind":6,"ty":4,"nm":"R Blush 2","parent":2,"sr":1,"ks":{"o":{"a":1,"k":[{"i":{"x":[0],"y":[0.997]},"o":{"x":[0.127],"y":[0]},"t":0,"s":[10]},{"i":{"x":[0.48],"y":[0.973]},"o":{"x":[0.333],"y":[0]},"t":160.525,"s":[75]},{"i":{"x":[0.414],"y":[1]},"o":{"x":[0.572],"y":[0]},"t":211.672,"s":[75]},{"t":240,"s":[10]}],"ix":11},"r":{"a":0,"k":0,"ix":10},"p":{"a":0,"k":[270,106,0],"ix":2},"a":{"a":0,"k":[0,0,0],"ix":1},"s":{"a":1,"k":[{"i":{"x":[0.12,0.12,0.12],"y":[1,1,1]},"o":{"x":[0.172,0.172,0.333],"y":[0,0,0]},"t":0,"s":[100,100,100]},{"i":{"x":[0.48,0.48,0.48],"y":[0.929,0.929,1]},"o":{"x":[0.333,0.333,0.333],"y":[0,0,0]},"t":78.689,"s":[150,150,100]},{"i":{"x":[0.414,0.414,0.48],"y":[1,1,1]},"o":{"x":[0.572,0.572,0.34],"y":[0,0,0]},"t":211.672,"s":[150,150,100]},{"t":240,"s":[100,100,100]}],"ix":6}},"ao":0,"shapes":[{"ty":"gr","it":[{"d":1,"ty":"el","s":{"a":0,"k":[300,300],"ix":2},"p":{"a":0,"k":[0,0],"ix":3},"nm":"Ellipse Path 1","mn":"ADBE Vector Shape - Ellipse","hd":false},{"ty":"gf","o":{"a":0,"k":100,"ix":10},"r":1,"bm":0,"g":{"p":3,"k":{"a":0,"k":[0,1,0.573,0.184,0.558,0.986,0.675,0.216,0.641,0.973,0.776,0.247,0,1,0.476,0.5,0.637,0],"ix":9}},"s":{"a":0,"k":[0,0],"ix":5},"e":{"a":0,"k":[150.688,-41.5],"ix":6},"t":2,"h":{"a":0,"k":0,"ix":7},"a":{"a":0,"k":0,"ix":8},"nm":"Gradient Fill 1","mn":"ADBE Vector Graphic - G-Fill","hd":false},{"ty":"tr","p":{"a":0,"k":[0,0],"ix":2},"a":{"a":0,"k":[0,0],"ix":1},"s":{"a":0,"k":[100,100],"ix":3},"r":{"a":0,"k":0,"ix":6},"o":{"a":0,"k":100,"ix":7},"sk":{"a":0,"k":0,"ix":4},"sa":{"a":0,"k":0,"ix":5},"nm":"Transform"}],"nm":"Ellipse 1","np":2,"cix":2,"bm":0,"ix":1,"mn":"ADBE Vector Group","hd":false}],"ip":0,"op":305,"st":0,"bm":0},{"ddd":0,"ind":7,"ty":4,"nm":"L Blush 2","parent":2,"sr":1,"ks":{"o":{"a":1,"k":[{"i":{"x":[0],"y":[0.997]},"o":{"x":[0.127],"y":[0]},"t":0,"s":[10]},{"i":{"x":[0.48],"y":[0.973]},"o":{"x":[0.333],"y":[0]},"t":160.525,"s":[75]},{"i":{"x":[0.414],"y":[1]},"o":{"x":[0.572],"y":[0]},"t":211.672,"s":[75]},{"t":240,"s":[10]}],"ix":11},"r":{"a":0,"k":0,"ix":10},"p":{"a":0,"k":[-179,106,0],"ix":2},"a":{"a":0,"k":[0,0,0],"ix":1},"s":{"a":1,"k":[{"i":{"x":[0.12,0.12,0.12],"y":[1,1,1]},"o":{"x":[0.172,0.172,0.333],"y":[0,0,0]},"t":0,"s":[100,100,100]},{"i":{"x":[0.48,0.48,0.48],"y":[0.929,0.929,1]},"o":{"x":[0.333,0.333,0.333],"y":[0,0,0]},"t":78.689,"s":[150,150,100]},{"i":{"x":[0.414,0.414,0.48],"y":[1,1,1]},"o":{"x":[0.572,0.572,0.34],"y":[0,0,0]},"t":211.672,"s":[150,150,100]},{"t":240,"s":[100,100,100]}],"ix":6}},"ao":0,"shapes":[{"ty":"gr","it":[{"d":1,"ty":"el","s":{"a":0,"k":[300,300],"ix":2},"p":{"a":0,"k":[0,0],"ix":3},"nm":"Ellipse Path 1","mn":"ADBE Vector Shape - Ellipse","hd":false},{"ty":"gf","o":{"a":0,"k":100,"ix":10},"r":1,"bm":0,"g":{"p":3,"k":{"a":0,"k":[0,1,0.574,0.184,0.558,0.986,0.675,0.216,0.641,0.973,0.776,0.247,0,1,0.476,0.5,0.637,0],"ix":9}},"s":{"a":0,"k":[0,0],"ix":5},"e":{"a":0,"k":[150.688,-41.5],"ix":6},"t":2,"h":{"a":0,"k":0,"ix":7},"a":{"a":0,"k":0,"ix":8},"nm":"Gradient Fill 1","mn":"ADBE Vector Graphic - G-Fill","hd":false},{"ty":"tr","p":{"a":0,"k":[0,0],"ix":2},"a":{"a":0,"k":[0,0],"ix":1},"s":{"a":0,"k":[100,100],"ix":3},"r":{"a":0,"k":0,"ix":6},"o":{"a":0,"k":100,"ix":7},"sk":{"a":0,"k":0,"ix":4},"sa":{"a":0,"k":0,"ix":5},"nm":"Transform"}],"nm":"Ellipse 1","np":2,"cix":2,"bm":0,"ix":1,"mn":"ADBE Vector Group","hd":false}],"ip":0,"op":305,"st":0,"bm":0},{"ddd":0,"ind":8,"ty":0,"nm":"HEAD_GLOBAL PRECOMP","refId":"comp_0","sr":1,"ks":{"o":{"a":0,"k":100,"ix":11},"r":{"a":0,"k":0,"ix":10},"p":{"s":true,"x":{"a":0,"k":540,"ix":3},"y":{"a":1,"k":[{"i":{"x":[0.146],"y":[1]},"o":{"x":[0.458],"y":[0]},"t":0,"s":[674]},{"i":{"x":[0.413],"y":[1]},"o":{"x":[0.706],"y":[0]},"t":29.902,"s":[491.3]},{"i":{"x":[0.476],"y":[1]},"o":{"x":[0.537],"y":[0]},"t":73.18,"s":[580]},{"i":{"x":[0.48],"y":[0.953]},"o":{"x":[0.333],"y":[0]},"t":118.033,"s":[540]},{"i":{"x":[0.667],"y":[1]},"o":{"x":[0.572],"y":[0]},"t":206.164,"s":[540]},{"t":240,"s":[674]}],"ix":4}},"a":{"a":0,"k":[540,540,0],"ix":1},"s":{"a":1,"k":[{"i":{"x":[0.146,0.146,0.146],"y":[1,1,1]},"o":{"x":[0.458,0.458,0.458],"y":[0,0,0]},"t":0,"s":[105,95,100]},{"i":{"x":[0.413,0.413,0.413],"y":[1,1,1]},"o":{"x":[0.706,0.706,0.706],"y":[0,0,0]},"t":29.902,"s":[97.5,102.5,100]},{"i":{"x":[0.754,0.754,0.754],"y":[0.996,1.004,1.004]},"o":{"x":[0.446,0.446,0.446],"y":[0,0,0]},"t":73.18,"s":[101,99,100]},{"i":{"x":[0.435,0.435,0.435],"y":[-3.24,-3.24,0.966]},"o":{"x":[0.321,0.321,0.321],"y":[-1.378,-1.378,-0.011]},"t":118.033,"s":[99.992,99.992,100]},{"i":{"x":[0.667,0.667,0.667],"y":[1,1,1]},"o":{"x":[0.572,0.572,0.572],"y":[0,0,0]},"t":206.164,"s":[100,100,100]},{"t":240,"s":[105,95,100]}],"ix":6}},"ao":0,"w":1080,"h":1080,"ip":0,"op":305,"st":0,"bm":0}],"markers":[{"tm":240,"cm":"LOOP","dr":0}]}