{"v":"5.6.10","fr":60,"ip":0,"op":114,"w":1080,"h":1080,"nm":"Cool_MAIN","ddd":0,"assets":[{"id":"comp_0","layers":[{"ddd":0,"ind":1,"ty":4,"nm":"FLAT","sr":1,"ks":{"o":{"a":0,"k":100,"ix":11},"r":{"a":0,"k":0,"ix":10},"p":{"a":0,"k":[540,540,0],"ix":2},"a":{"a":0,"k":[0,0,0],"ix":1},"s":{"a":0,"k":[100,100,100],"ix":6}},"ao":0,"shapes":[{"ty":"gr","it":[{"d":1,"ty":"el","s":{"a":0,"k":[770,770],"ix":2},"p":{"a":0,"k":[0,0],"ix":3},"nm":"Ellipse Path 1","mn":"ADBE Vector Shape - Ellipse","hd":false},{"ty":"fl","c":{"a":0,"k":[1,0.724767288507,0.105575980392,1],"ix":4},"o":{"a":0,"k":100,"ix":5},"r":1,"bm":0,"nm":"Fill 1","mn":"ADBE Vector Graphic - Fill","hd":false},{"ty":"tr","p":{"a":0,"k":[0,0],"ix":2},"a":{"a":0,"k":[0,0],"ix":1},"s":{"a":0,"k":[100,100],"ix":3},"r":{"a":0,"k":0,"ix":6},"o":{"a":0,"k":100,"ix":7},"sk":{"a":0,"k":0,"ix":4},"sa":{"a":0,"k":0,"ix":5},"nm":"Transform"}],"nm":"Ellipse 1","np":2,"cix":2,"bm":0,"ix":1,"mn":"ADBE Vector Group","hd":false}],"ip":0,"op":3604,"st":0,"bm":0}]}],"layers":[{"ddd":0,"ind":1,"ty":3,"nm":"Face Null","sr":1,"ks":{"o":{"a":0,"k":0,"ix":11},"r":{"a":0,"k":0,"ix":10},"p":{"s":true,"x":{"a":0,"k":540,"ix":3},"y":{"a":1,"k":[{"i":{"x":[0.293],"y":[1]},"o":{"x":[0.21],"y":[0]},"t":0,"s":[540]},{"i":{"x":[0.522],"y":[1]},"o":{"x":[0.655],"y":[0]},"t":33,"s":[505.2]},{"i":{"x":[0.463],"y":[1]},"o":{"x":[0.167],"y":[0]},"t":56,"s":[547.3]},{"t":78,"s":[540]}],"ix":4}},"a":{"a":0,"k":[0,0,0],"ix":1},"s":{"a":1,"k":[{"i":{"x":[0.293,0.293,0.293],"y":[1,1,1]},"o":{"x":[0.21,0.21,0.21],"y":[0,0,0]},"t":0,"s":[100,100,100]},{"i":{"x":[0.522,0.522,0.522],"y":[1,1,1]},"o":{"x":[0.655,0.655,0.655],"y":[0,0,0]},"t":33,"s":[100,98,100]},{"t":56,"s":[100,100,100]}],"ix":6}},"ao":0,"ip":0,"op":3604,"st":0,"bm":0},{"ddd":0,"ind":2,"ty":4,"nm":"Glass_Highlights_R ","parent":6,"sr":1,"ks":{"o":{"a":0,"k":100,"ix":11},"r":{"a":0,"k":0,"ix":10},"p":{"a":0,"k":[-477.876,-38.809,0],"ix":2},"a":{"a":0,"k":[-477.876,-38.809,0],"ix":1},"s":{"a":0,"k":[100,100,100],"ix":6}},"ao":0,"hasMask":true,"masksProperties":[{"inv":false,"mode":"a","pt":{"a":0,"k":{"i":[[0,0],[27.75,-5.75],[-1.075,-4.469],[-17.083,-4.833],[-9,6],[-4.75,17.875],[5.5,6]],"o":[[-11.25,-1.75],[-27.75,5.75],[1.583,6.583],[12.259,3.468],[9,-6],[4.736,-17.821],[-5.5,-6]],"v":[[-380.611,-75.579],[-440.986,-75.266],[-457.986,-41.266],[-429.986,-2.016],[-383.361,-1.766],[-365.736,-30.766],[-363.736,-68.35]],"c":true},"ix":1},"o":{"a":0,"k":100,"ix":3},"x":{"a":0,"k":0,"ix":4},"nm":"Mask 2"}],"shapes":[{"ty":"gr","it":[{"ind":0,"ty":"sh","ix":1,"ks":{"a":0,"k":{"i":[[0,0],[0,0],[0,0],[0,0]],"o":[[0,0],[0,0],[0,0],[0,0]],"v":[[-521.692,-245.515],[-521.692,173.431],[-559.942,173.431],[-559.942,-245.515]],"c":true},"ix":2},"nm":"Path 1","mn":"ADBE Vector Shape - Group","hd":false},{"ind":1,"ty":"sh","ix":2,"ks":{"a":0,"k":{"i":[[0,0],[0,0],[0,0],[0,0]],"o":[[0,0],[0,0],[0,0],[0,0]],"v":[[-582.365,-216.087],[-582.365,202.859],[-599.35,202.859],[-599.35,-216.087]],"c":true},"ix":2},"nm":"Path 2","mn":"ADBE Vector Shape - Group","hd":false},{"ty":"fl","c":{"a":0,"k":[1,1,1,1],"ix":4},"o":{"a":0,"k":100,"ix":5},"r":1,"bm":0,"nm":"Fill 1","mn":"ADBE Vector Graphic - Fill","hd":false},{"ty":"tr","p":{"a":1,"k":[{"i":{"x":0.067,"y":1},"o":{"x":0.49,"y":0},"t":1,"s":[-577.82,-35.098],"to":[62.667,0],"ti":[-62.667,0]},{"t":75,"s":[-201.82,-35.098]}],"ix":2},"a":{"a":0,"k":[-479.82,-35.098],"ix":1},"s":{"a":0,"k":[100,100],"ix":3},"r":{"a":0,"k":20,"ix":6},"o":{"a":0,"k":100,"ix":7},"sk":{"a":0,"k":0,"ix":4},"sa":{"a":0,"k":0,"ix":5},"nm":"Transform"}],"nm":"Group 1","np":3,"cix":2,"bm":0,"ix":1,"mn":"ADBE Vector Group","hd":false}],"ip":1,"op":3605,"st":1,"bm":0},{"ddd":0,"ind":3,"ty":4,"nm":"Glass_Highlights_L ","parent":6,"sr":1,"ks":{"o":{"a":0,"k":100,"ix":11},"r":{"a":0,"k":0,"ix":10},"p":{"a":0,"k":[-477.876,-38.809,0],"ix":2},"a":{"a":0,"k":[-477.876,-38.809,0],"ix":1},"s":{"a":0,"k":[100,100,100],"ix":6}},"ao":0,"hasMask":true,"masksProperties":[{"inv":false,"mode":"a","pt":{"a":0,"k":{"i":[[0,0],[-27.75,-5.75],[1.075,-4.469],[17.083,-4.833],[9,6],[4.75,17.875],[-5.5,6]],"o":[[11.25,-1.75],[27.75,5.75],[-1.583,6.583],[-12.259,3.468],[-9,-6],[-4.736,-17.821],[5.5,-6]],"v":[[-574.14,-75.579],[-513.766,-75.266],[-496.766,-41.266],[-524.765,-2.016],[-571.39,-1.766],[-589.015,-30.766],[-591.015,-68.35]],"c":true},"ix":1},"o":{"a":0,"k":100,"ix":3},"x":{"a":0,"k":0,"ix":4},"nm":"Mask 1"}],"shapes":[{"ty":"gr","it":[{"ind":0,"ty":"sh","ix":1,"ks":{"a":0,"k":{"i":[[0,0],[0,0],[0,0],[0,0]],"o":[[0,0],[0,0],[0,0],[0,0]],"v":[[-521.692,-245.515],[-521.692,173.431],[-559.942,173.431],[-559.942,-245.515]],"c":true},"ix":2},"nm":"Path 1","mn":"ADBE Vector Shape - Group","hd":false},{"ind":1,"ty":"sh","ix":2,"ks":{"a":0,"k":{"i":[[0,0],[0,0],[0,0],[0,0]],"o":[[0,0],[0,0],[0,0],[0,0]],"v":[[-582.365,-216.087],[-582.365,202.859],[-599.35,202.859],[-599.35,-216.087]],"c":true},"ix":2},"nm":"Path 2","mn":"ADBE Vector Shape - Group","hd":false},{"ty":"fl","c":{"a":0,"k":[1,1,1,1],"ix":4},"o":{"a":0,"k":100,"ix":5},"r":1,"bm":0,"nm":"Fill 1","mn":"ADBE Vector Graphic - Fill","hd":false},{"ty":"tr","p":{"a":1,"k":[{"i":{"x":0.067,"y":1},"o":{"x":0.49,"y":0},"t":-3,"s":[-577.82,-35.098],"to":[62.667,0],"ti":[-62.667,0]},{"t":71,"s":[-201.82,-35.098]}],"ix":2},"a":{"a":0,"k":[-479.82,-35.098],"ix":1},"s":{"a":0,"k":[100,100],"ix":3},"r":{"a":0,"k":20,"ix":6},"o":{"a":0,"k":100,"ix":7},"sk":{"a":0,"k":0,"ix":4},"sa":{"a":0,"k":0,"ix":5},"nm":"Transform"}],"nm":"Group 1","np":3,"cix":2,"bm":0,"ix":1,"mn":"ADBE Vector Group","hd":false}],"ip":-3,"op":3601,"st":-3,"bm":0},{"ddd":0,"ind":4,"ty":4,"nm":"Glass","parent":6,"sr":1,"ks":{"o":{"a":0,"k":100,"ix":11},"r":{"a":0,"k":0,"ix":10},"p":{"a":0,"k":[-477.876,-38.809,0],"ix":2},"a":{"a":0,"k":[-477.876,-38.809,0],"ix":1},"s":{"a":0,"k":[100,100,100],"ix":6}},"ao":0,"shapes":[{"ty":"gr","it":[{"ind":0,"ty":"sh","ix":1,"ks":{"a":0,"k":{"i":[[0,0],[-27.75,-5.75],[1.075,-4.469],[17.083,-4.833],[9,6],[4.75,17.875],[-5.5,6]],"o":[[11.25,-1.75],[27.75,5.75],[-1.583,6.583],[-12.259,3.468],[-9,-6],[-4.736,-17.821],[5.5,-6]],"v":[[-574.64,-76.079],[-514.266,-75.766],[-497.266,-41.766],[-525.265,-2.516],[-571.89,-2.266],[-589.515,-31.266],[-591.515,-68.85]],"c":true},"ix":2},"nm":"Path 1","mn":"ADBE Vector Shape - Group","hd":false},{"ty":"fl","c":{"a":0,"k":[0.150505514706,0.150505514706,0.150505514706,1],"ix":4},"o":{"a":0,"k":100,"ix":5},"r":1,"bm":0,"nm":"Fill 1","mn":"ADBE Vector Graphic - Fill","hd":false},{"ty":"tr","p":{"a":0,"k":[0,0],"ix":2},"a":{"a":0,"k":[0,0],"ix":1},"s":{"a":0,"k":[100,100],"ix":3},"r":{"a":0,"k":0,"ix":6},"o":{"a":0,"k":100,"ix":7},"sk":{"a":0,"k":0,"ix":4},"sa":{"a":0,"k":0,"ix":5},"nm":"Transform"}],"nm":"L Glass","np":2,"cix":2,"bm":0,"ix":1,"mn":"ADBE Vector Group","hd":false},{"ty":"gr","it":[{"ind":0,"ty":"sh","ix":1,"ks":{"a":0,"k":{"i":[[0,0],[27.75,-5.75],[-1.075,-4.469],[-17.083,-4.833],[-9,6],[-4.75,17.875],[5.5,6]],"o":[[-11.25,-1.75],[-27.75,5.75],[1.583,6.583],[12.259,3.468],[9,-6],[4.736,-17.821],[-5.5,-6]],"v":[[-381.111,-76.079],[-441.486,-75.766],[-458.486,-41.766],[-430.486,-2.516],[-383.861,-2.266],[-366.236,-31.266],[-364.236,-68.85]],"c":true},"ix":2},"nm":"Path 1","mn":"ADBE Vector Shape - Group","hd":false},{"ty":"fl","c":{"a":0,"k":[0.150505514706,0.150505514706,0.150505514706,1],"ix":4},"o":{"a":0,"k":100,"ix":5},"r":1,"bm":0,"nm":"Fill 1","mn":"ADBE Vector Graphic - Fill","hd":false},{"ty":"tr","p":{"a":0,"k":[0,0],"ix":2},"a":{"a":0,"k":[0,0],"ix":1},"s":{"a":0,"k":[100,100],"ix":3},"r":{"a":0,"k":0,"ix":6},"o":{"a":0,"k":100,"ix":7},"sk":{"a":0,"k":0,"ix":4},"sa":{"a":0,"k":0,"ix":5},"nm":"Transform"}],"nm":"R GLass","np":2,"cix":2,"bm":0,"ix":2,"mn":"ADBE Vector Group","hd":false}],"ip":0,"op":3604,"st":0,"bm":0},{"ddd":0,"ind":5,"ty":4,"nm":"Bridge","parent":6,"sr":1,"ks":{"o":{"a":0,"k":100,"ix":11},"r":{"a":0,"k":0,"ix":10},"p":{"a":0,"k":[-476.976,-63.686,0],"ix":2},"a":{"a":0,"k":[-476.976,-63.686,0],"ix":1},"s":{"a":0,"k":[100,100,100],"ix":6}},"ao":0,"shapes":[{"ty":"gr","it":[{"ind":0,"ty":"sh","ix":1,"ks":{"a":0,"k":{"i":[[0,0],[-6.14,0],[-4.984,1.496],[0,0],[0,0],[4.26,0],[0.96,-3.888],[0,0]],"o":[[4.653,1.162],[7.06,0],[2.64,-0.793],[0,0],[-0.895,-3.919],[-4.27,0],[0,0],[0,0]],"v":[[-494.768,-78.612],[-478.29,-76.55],[-459.785,-78.948],[-464.078,-48.41],[-468.495,-48.41],[-477.85,-54.99],[-487.256,-48.41],[-493.891,-48.41]],"c":true},"ix":2},"nm":"Path 1","mn":"ADBE Vector Shape - Group","hd":false},{"ty":"fl","c":{"a":0,"k":[0,0,0,1],"ix":4},"o":{"a":0,"k":100,"ix":5},"r":1,"bm":0,"nm":"Fill 1","mn":"ADBE Vector Graphic - Fill","hd":false},{"ty":"tr","p":{"a":0,"k":[0,0],"ix":2},"a":{"a":0,"k":[0,0],"ix":1},"s":{"a":0,"k":[100,100],"ix":3},"r":{"a":0,"k":0,"ix":6},"o":{"a":0,"k":100,"ix":7},"sk":{"a":0,"k":0,"ix":4},"sa":{"a":0,"k":0,"ix":5},"nm":"Transform"}],"nm":"Group 1","np":2,"cix":2,"bm":0,"ix":1,"mn":"ADBE Vector Group","hd":false}],"ip":0,"op":3604,"st":0,"bm":0},{"ddd":0,"ind":6,"ty":4,"nm":"Frame","parent":1,"sr":1,"ks":{"o":{"a":0,"k":100,"ix":11},"r":{"a":0,"k":0,"ix":10},"p":{"a":0,"k":[0,-74,0],"ix":2},"a":{"a":0,"k":[-477.876,-39.155,0],"ix":1},"s":{"a":0,"k":[283,283,100],"ix":6}},"ao":0,"shapes":[{"ty":"gr","it":[{"ind":0,"ty":"sh","ix":1,"ks":{"a":0,"k":{"i":[[0,0],[5.5,-11],[20.5,0],[12.25,22.25],[1.75,7],[-11,3],[-34.25,-1.75],[-2.75,-0.75],[0,-3.25],[1.25,-1.5]],"o":[[-1.5,10.25],[-5.5,11],[-20.5,0],[-12.25,-22.25],[0,0],[11,-3],[31.874,1.629],[2.75,0.75],[0,3.25],[-1.25,1.5]],"v":[[-350.736,-56.016],[-364.236,-13.016],[-398.236,8.483],[-455.486,-14.266],[-469.736,-54.516],[-462.236,-78.266],[-395.736,-86.516],[-350.736,-79.516],[-345.486,-72.516],[-347.236,-60.016]],"c":true},"ix":2},"nm":"Path 1","mn":"ADBE Vector Shape - Group","hd":false},{"ty":"fl","c":{"a":0,"k":[0,0,0,1],"ix":4},"o":{"a":0,"k":100,"ix":5},"r":1,"bm":0,"nm":"Fill 1","mn":"ADBE Vector Graphic - Fill","hd":false},{"ty":"tr","p":{"a":0,"k":[0,0],"ix":2},"a":{"a":0,"k":[0,0],"ix":1},"s":{"a":0,"k":[100,100],"ix":3},"r":{"a":0,"k":0,"ix":6},"o":{"a":0,"k":100,"ix":7},"sk":{"a":0,"k":0,"ix":4},"sa":{"a":0,"k":0,"ix":5},"nm":"Transform"}],"nm":"Group 1","np":2,"cix":2,"bm":0,"ix":1,"mn":"ADBE Vector Group","hd":false},{"ty":"gr","it":[{"ind":0,"ty":"sh","ix":1,"ks":{"a":0,"k":{"i":[[0,0],[-5.5,-11],[-20.5,0],[-12.25,22.25],[-1.75,7],[11,3],[34.25,-1.75],[2.75,-0.75],[0,-3.25],[-1.25,-1.5]],"o":[[1.5,10.25],[5.5,11],[20.5,0],[12.25,-22.25],[0,0],[-11,-3],[-31.874,1.629],[-2.75,0.75],[0,3.25],[1.25,1.5]],"v":[[-605.015,-56.016],[-591.515,-13.016],[-557.515,8.483],[-500.266,-14.266],[-486.016,-54.516],[-493.516,-78.266],[-560.015,-86.516],[-605.015,-79.516],[-610.265,-72.516],[-608.515,-60.016]],"c":true},"ix":2},"nm":"Path 1","mn":"ADBE Vector Shape - Group","hd":false},{"ty":"fl","c":{"a":0,"k":[0,0,0,1],"ix":4},"o":{"a":0,"k":100,"ix":5},"r":1,"bm":0,"nm":"Fill 1","mn":"ADBE Vector Graphic - Fill","hd":false},{"ty":"tr","p":{"a":0,"k":[0,0],"ix":2},"a":{"a":0,"k":[0,0],"ix":1},"s":{"a":0,"k":[100,100],"ix":3},"r":{"a":0,"k":0,"ix":6},"o":{"a":0,"k":100,"ix":7},"sk":{"a":0,"k":0,"ix":4},"sa":{"a":0,"k":0,"ix":5},"nm":"Transform"}],"nm":"Group 2","np":2,"cix":2,"bm":0,"ix":2,"mn":"ADBE Vector Group","hd":false}],"ip":0,"op":3604,"st":0,"bm":0},{"ddd":0,"ind":7,"ty":4,"nm":"Eye_R","parent":1,"sr":1,"ks":{"o":{"a":0,"k":100,"ix":11},"r":{"a":0,"k":0,"ix":10},"p":{"a":0,"k":[113,-134,0],"ix":2},"a":{"a":0,"k":[0,0,0],"ix":1},"s":{"a":0,"k":[122,190,100],"ix":6}},"ao":0,"shapes":[{"ty":"gr","it":[{"d":1,"ty":"el","s":{"a":0,"k":[51,51],"ix":2},"p":{"a":0,"k":[0,0],"ix":3},"nm":"Ellipse Path 1","mn":"ADBE Vector Shape - Ellipse","hd":false},{"ty":"fl","c":{"a":0,"k":[0,0,0,1],"ix":4},"o":{"a":0,"k":100,"ix":5},"r":1,"bm":0,"nm":"Fill 1","mn":"ADBE Vector Graphic - Fill","hd":false},{"ty":"tr","p":{"a":0,"k":[0,0],"ix":2},"a":{"a":0,"k":[0,0],"ix":1},"s":{"a":0,"k":[100,100],"ix":3},"r":{"a":0,"k":0,"ix":6},"o":{"a":0,"k":100,"ix":7},"sk":{"a":0,"k":0,"ix":4},"sa":{"a":0,"k":0,"ix":5},"nm":"Transform"}],"nm":"Ellipse 1","np":2,"cix":2,"bm":0,"ix":1,"mn":"ADBE Vector Group","hd":false}],"ip":0,"op":3604,"st":0,"bm":0},{"ddd":0,"ind":8,"ty":4,"nm":"Eye_L","parent":1,"sr":1,"ks":{"o":{"a":0,"k":100,"ix":11},"r":{"a":0,"k":0,"ix":10},"p":{"a":0,"k":[-111,-134,0],"ix":2},"a":{"a":0,"k":[0,0,0],"ix":1},"s":{"a":0,"k":[122,190,100],"ix":6}},"ao":0,"shapes":[{"ty":"gr","it":[{"d":1,"ty":"el","s":{"a":0,"k":[51,51],"ix":2},"p":{"a":0,"k":[0,0],"ix":3},"nm":"Ellipse Path 1","mn":"ADBE Vector Shape - Ellipse","hd":false},{"ty":"fl","c":{"a":0,"k":[0,0,0,1],"ix":4},"o":{"a":0,"k":100,"ix":5},"r":1,"bm":0,"nm":"Fill 1","mn":"ADBE Vector Graphic - Fill","hd":false},{"ty":"tr","p":{"a":0,"k":[0,0],"ix":2},"a":{"a":0,"k":[0,0],"ix":1},"s":{"a":0,"k":[100,100],"ix":3},"r":{"a":0,"k":0,"ix":6},"o":{"a":0,"k":100,"ix":7},"sk":{"a":0,"k":0,"ix":4},"sa":{"a":0,"k":0,"ix":5},"nm":"Transform"}],"nm":"Ellipse 1","np":2,"cix":2,"bm":0,"ix":1,"mn":"ADBE Vector Group","hd":false}],"ip":0,"op":3604,"st":0,"bm":0},{"ddd":0,"ind":9,"ty":4,"nm":"Mouth ALT","parent":1,"sr":1,"ks":{"o":{"a":0,"k":100,"ix":11},"r":{"a":0,"k":0,"ix":10},"p":{"s":true,"x":{"a":0,"k":5,"ix":3},"y":{"a":0,"k":36,"ix":4}},"a":{"a":0,"k":[5,-32,0],"ix":1},"s":{"a":0,"k":[100,100,100],"ix":6}},"ao":0,"shapes":[{"ty":"gr","it":[{"ind":0,"ty":"sh","ix":1,"ks":{"a":0,"k":{"i":[[9.396,-15.37],[71.72,0],[28.707,46.509]],"o":[[-28.062,45.903],[-72.175,0],[-9.371,-15.182]],"v":[[154.563,49.764],[0.093,128.5],[-152.629,49.309]],"c":false},"ix":2},"nm":"Path 1","mn":"ADBE Vector Shape - Group","hd":false},{"ty":"tm","s":{"a":0,"k":0,"ix":1},"e":{"a":0,"k":57.6,"ix":2},"o":{"a":0,"k":0,"ix":3},"m":1,"ix":2,"nm":"Trim Paths 1","mn":"ADBE Vector Filter - Trim","hd":false},{"ty":"st","c":{"a":0,"k":[0,0,0,1],"ix":3},"o":{"a":0,"k":100,"ix":4},"w":{"a":0,"k":30,"ix":5},"lc":2,"lj":1,"ml":4,"bm":0,"nm":"Stroke 1","mn":"ADBE Vector Graphic - Stroke","hd":false},{"ty":"tr","p":{"a":0,"k":[0,0],"ix":2},"a":{"a":0,"k":[0,0],"ix":1},"s":{"a":0,"k":[100,100],"ix":3},"r":{"a":0,"k":0,"ix":6},"o":{"a":0,"k":100,"ix":7},"sk":{"a":0,"k":0,"ix":4},"sa":{"a":0,"k":0,"ix":5},"nm":"Transform"}],"nm":"Ellipse 1","np":3,"cix":2,"bm":0,"ix":1,"mn":"ADBE Vector Group","hd":false}],"ip":0,"op":3604,"st":0,"bm":0},{"ddd":0,"ind":10,"ty":0,"nm":"HEAD_GLOBAL PRECOMP","refId":"comp_0","sr":1,"ks":{"o":{"a":0,"k":100,"ix":11},"r":{"a":0,"k":0,"ix":10},"p":{"a":0,"k":[540,540,0],"ix":2},"a":{"a":0,"k":[540,540,0],"ix":1},"s":{"a":0,"k":[100,100,100],"ix":6}},"ao":0,"w":1080,"h":1080,"ip":0,"op":3604,"st":0,"bm":0}],"markers":[{"tm":114,"cm":"LOOP","dr":0}]}