{"v":"5.6.10","fr":60,"ip":0,"op":40,"w":1080,"h":1080,"nm":"Crying_MAIN","ddd":0,"assets":[{"id":"comp_0","layers":[{"ddd":0,"ind":1,"ty":3,"nm":"Face Null 2","sr":1,"ks":{"o":{"a":0,"k":0,"ix":11},"r":{"a":0,"k":0,"ix":10},"p":{"s":true,"x":{"a":1,"k":[{"i":{"x":[0.667],"y":[1]},"o":{"x":[0.333],"y":[0]},"t":0,"s":[533]},{"i":{"x":[0.667],"y":[1]},"o":{"x":[0.333],"y":[0]},"t":20,"s":[547]},{"t":40,"s":[533]}],"ix":3},"y":{"a":0,"k":540,"ix":4}},"a":{"a":0,"k":[0,0,0],"ix":1},"s":{"a":0,"k":[100,100,100],"ix":6}},"ao":0,"ip":0,"op":40.5,"st":-3,"bm":0},{"ddd":0,"ind":4,"ty":0,"nm":"Tear Streams_Group","parent":1,"td":1,"refId":"comp_1","sr":1,"ks":{"o":{"a":0,"k":100,"ix":11},"r":{"a":0,"k":0,"ix":10},"p":{"a":0,"k":[7,0,0],"ix":2},"a":{"a":0,"k":[540,540,0],"ix":1},"s":{"a":0,"k":[100,100,100],"ix":6}},"ao":0,"w":1080,"h":1080,"ip":0,"op":260,"st":0,"bm":0},{"ddd":0,"ind":5,"ty":4,"nm":"Main Tear Gradient","parent":1,"tt":1,"sr":1,"ks":{"o":{"a":0,"k":100,"ix":11},"r":{"a":0,"k":0,"ix":10},"p":{"a":0,"k":[7,0,0],"ix":2},"a":{"a":0,"k":[0,0,0],"ix":1},"s":{"a":0,"k":[100,100,100],"ix":6}},"ao":0,"shapes":[{"ty":"gr","it":[{"ty":"rc","d":1,"s":{"a":0,"k":[650.484,818.188],"ix":2},"p":{"a":0,"k":[0,0],"ix":3},"r":{"a":0,"k":0,"ix":4},"nm":"Rectangle Path 1","mn":"ADBE Vector Shape - Rect","hd":false},{"ty":"fl","c":{"a":0,"k":[0.180392156863,0.705882352941,1,1],"ix":4},"o":{"a":0,"k":100,"ix":5},"r":1,"bm":0,"nm":"Fill 1","mn":"ADBE Vector Graphic - Fill","hd":false},{"ty":"tr","p":{"a":0,"k":[-30.758,185.094],"ix":2},"a":{"a":0,"k":[0,0],"ix":1},"s":{"a":0,"k":[100,100],"ix":3},"r":{"a":0,"k":0,"ix":6},"o":{"a":0,"k":100,"ix":7},"sk":{"a":0,"k":0,"ix":4},"sa":{"a":0,"k":0,"ix":5},"nm":"Transform"}],"nm":"Rectangle 1","np":2,"cix":2,"bm":0,"ix":1,"mn":"ADBE Vector Group","hd":false}],"ip":0,"op":260,"st":0,"bm":0},{"ddd":0,"ind":6,"ty":4,"nm":"Tears_L_Shadow","parent":1,"sr":1,"ks":{"o":{"a":0,"k":49,"ix":11},"r":{"a":0,"k":0,"ix":10},"p":{"a":0,"k":[-144.196,-165.828,0],"ix":2},"a":{"a":0,"k":[163.804,-165.828,0],"ix":1},"s":{"a":0,"k":[100,105,100],"ix":6}},"ao":0,"shapes":[{"ty":"gr","it":[{"ind":0,"ty":"sh","ix":1,"ks":{"a":1,"k":[{"i":{"x":0.833,"y":0.833},"o":{"x":0.167,"y":0.167},"t":0,"s":[{"i":[[0,0],[0.54,-4.046],[1.006,-8.965],[-0.6,-32.719],[-3.5,-60.5],[1.035,-58.493],[1.5,-83]],"o":[[0,0],[-0.641,4.801],[-2.785,24.816],[0.753,41.021],[2.494,43.114],[-1,56.5],[-1.527,84.514]],"v":[[155.5,-166],[154.626,-159.682],[152.049,-138.619],[146.5,-43.5],[177,99],[130,258.5],[199,488]],"c":false}]},{"i":{"x":0.833,"y":0.833},"o":{"x":0.167,"y":0.167},"t":20,"s":[{"i":[[0,0],[-1.75,-20.645],[-0.267,-24.393],[0,-48.541],[3.258,-60.513],[1.035,-58.493],[1.5,-83]],"o":[[0,0],[2.076,24.495],[0.672,61.413],[0,53.5],[-3.5,65],[-1,56.5],[-1.527,84.514]],"v":[[155.5,-166],[158.818,-130.295],[163.492,-49.049],[130,98.5],[177.5,262],[132.5,423.5],[198.5,646]],"c":false}]},{"t":40,"s":[{"i":[[0,0],[-3.699,-32.953],[1.965,-36.122],[2.457,-58.672],[3.258,-60.513],[1.035,-58.493],[1.5,-83]],"o":[[0,0],[6.447,57.439],[-2.709,49.804],[-2.238,53.453],[-3.5,65],[-1,56.5],[-1.527,84.514]],"v":[[155.5,-166],[146.156,-43.218],[177.492,101.951],[130,256.5],[177.5,422],[132.5,583.5],[198.5,806]],"c":false}]}],"ix":2},"nm":"Path 1","mn":"ADBE Vector Shape - Group","hd":false},{"ty":"st","c":{"a":0,"k":[0.816590073529,0.609814752317,0.159340144139,1],"ix":3},"o":{"a":0,"k":100,"ix":4},"w":{"a":0,"k":104,"ix":5},"lc":1,"lj":1,"ml":4,"bm":0,"nm":"Stroke 1","mn":"ADBE Vector Graphic - Stroke","hd":false},{"ty":"tr","p":{"a":0,"k":[-12.757,0.172],"ix":2},"a":{"a":0,"k":[0,0],"ix":1},"s":{"a":0,"k":[100,100],"ix":3},"r":{"a":0,"k":0,"ix":6},"o":{"a":0,"k":100,"ix":7},"sk":{"a":0,"k":0,"ix":4},"sa":{"a":0,"k":0,"ix":5},"nm":"Transform"}],"nm":"Shape 1","np":2,"cix":2,"bm":0,"ix":1,"mn":"ADBE Vector Group","hd":false}],"ip":0,"op":40.5,"st":-3,"bm":0},{"ddd":0,"ind":7,"ty":4,"nm":"Tears_R_Shadow","parent":1,"sr":1,"ks":{"o":{"a":0,"k":49,"ix":11},"r":{"a":0,"k":0,"ix":10},"p":{"a":0,"k":[162.804,-165.828,0],"ix":2},"a":{"a":0,"k":[163.804,-165.828,0],"ix":1},"s":{"a":0,"k":[100,105,100],"ix":6}},"ao":0,"shapes":[{"ty":"gr","it":[{"ind":0,"ty":"sh","ix":1,"ks":{"a":1,"k":[{"i":{"x":0.833,"y":0.833},"o":{"x":0.167,"y":0.167},"t":0,"s":[{"i":[[0,0],[0.54,-4.046],[1.006,-8.965],[-0.6,-32.719],[-3.5,-60.5],[1.035,-58.493],[1.5,-83]],"o":[[0,0],[-0.641,4.801],[-2.785,24.816],[0.753,41.021],[2.494,43.114],[-1,56.5],[-1.527,84.514]],"v":[[155.5,-166],[154.626,-159.682],[152.049,-138.619],[146.5,-43.5],[177,99],[130,258.5],[199,488]],"c":false}]},{"i":{"x":0.833,"y":0.833},"o":{"x":0.167,"y":0.167},"t":20,"s":[{"i":[[0,0],[-1.75,-20.645],[-0.267,-24.393],[0,-48.541],[3.258,-60.513],[1.035,-58.493],[1.5,-83]],"o":[[0,0],[2.076,24.495],[0.672,61.413],[0,53.5],[-3.5,65],[-1,56.5],[-1.527,84.514]],"v":[[155.5,-166],[158.818,-130.295],[163.492,-49.049],[130,98.5],[177.5,262],[132.5,423.5],[198.5,646]],"c":false}]},{"t":40,"s":[{"i":[[0,0],[-3.699,-32.953],[1.965,-36.122],[2.457,-58.672],[3.258,-60.513],[1.035,-58.493],[1.5,-83]],"o":[[0,0],[6.447,57.439],[-2.709,49.804],[-2.238,53.453],[-3.5,65],[-1,56.5],[-1.527,84.514]],"v":[[155.5,-166],[146.156,-43.218],[177.492,101.951],[130,256.5],[177.5,422],[132.5,583.5],[198.5,806]],"c":false}]}],"ix":2},"nm":"Path 1","mn":"ADBE Vector Shape - Group","hd":false},{"ty":"st","c":{"a":0,"k":[0.81568627451,0.611764705882,0.160784313725,1],"ix":3},"o":{"a":0,"k":100,"ix":4},"w":{"a":0,"k":104,"ix":5},"lc":1,"lj":1,"ml":4,"bm":0,"nm":"Stroke 1","mn":"ADBE Vector Graphic - Stroke","hd":false},{"ty":"tr","p":{"a":0,"k":[-11.157,0.172],"ix":2},"a":{"a":0,"k":[0,0],"ix":1},"s":{"a":0,"k":[100,100],"ix":3},"r":{"a":0,"k":0,"ix":6},"o":{"a":0,"k":100,"ix":7},"sk":{"a":0,"k":0,"ix":4},"sa":{"a":0,"k":0,"ix":5},"nm":"Transform"}],"nm":"Shape 1","np":2,"cix":2,"bm":0,"ix":1,"mn":"ADBE Vector Group","hd":false}],"ip":0,"op":40.5,"st":-3,"bm":0}]},{"id":"comp_1","layers":[{"ddd":0,"ind":1,"ty":0,"nm":"Tear_Stream_Root","refId":"comp_2","sr":1,"ks":{"o":{"a":0,"k":100,"ix":11},"r":{"a":0,"k":0,"ix":10},"p":{"a":0,"k":[851,540,0],"ix":2},"a":{"a":0,"k":[540,540,0],"ix":1},"s":{"a":0,"k":[100,100,100],"ix":6}},"ao":0,"w":1080,"h":1080,"ip":0,"op":260,"st":0,"bm":0},{"ddd":0,"ind":2,"ty":0,"nm":"Tear_Stream_Root","refId":"comp_2","sr":1,"ks":{"o":{"a":0,"k":100,"ix":11},"r":{"a":0,"k":0,"ix":10},"p":{"a":0,"k":[540,540,0],"ix":2},"a":{"a":0,"k":[540,540,0],"ix":1},"s":{"a":0,"k":[100,100,100],"ix":6}},"ao":0,"w":1080,"h":1080,"ip":0,"op":260,"st":0,"bm":0}]},{"id":"comp_2","layers":[{"ddd":0,"ind":1,"ty":4,"nm":"Tears_L","sr":1,"ks":{"o":{"a":0,"k":100,"ix":11},"r":{"a":0,"k":0,"ix":10},"p":{"a":0,"k":[388.804,374.172,0],"ix":2},"a":{"a":0,"k":[163.804,-165.828,0],"ix":1},"s":{"a":0,"k":[100,105,100],"ix":6}},"ao":0,"shapes":[{"ty":"gr","it":[{"ind":0,"ty":"sh","ix":1,"ks":{"a":1,"k":[{"i":{"x":0.833,"y":0.833},"o":{"x":0.167,"y":0.167},"t":0,"s":[{"i":[[0,0],[0.54,-4.046],[1.006,-8.965],[-0.6,-32.719],[-3.5,-60.5],[1.035,-58.493],[1.5,-83]],"o":[[0,0],[-0.641,4.801],[-2.785,24.816],[0.753,41.021],[2.494,43.114],[-1,56.5],[-1.527,84.514]],"v":[[155.5,-166],[154.626,-159.682],[152.049,-138.619],[146.5,-43.5],[177,99],[130,258.5],[199,488]],"c":false}]},{"i":{"x":0.833,"y":0.833},"o":{"x":0.167,"y":0.167},"t":20,"s":[{"i":[[0,0],[-1.75,-20.645],[-0.267,-24.393],[0,-48.541],[3.258,-60.513],[1.035,-58.493],[1.5,-83]],"o":[[0,0],[2.076,24.495],[0.672,61.413],[0,53.5],[-3.5,65],[-1,56.5],[-1.527,84.514]],"v":[[155.5,-166],[158.818,-130.295],[163.492,-49.049],[130,98.5],[177.5,262],[132.5,423.5],[198.5,646]],"c":false}]},{"t":40,"s":[{"i":[[0,0],[-3.699,-32.953],[1.965,-36.122],[2.457,-58.672],[3.258,-60.513],[1.035,-58.493],[1.5,-83]],"o":[[0,0],[6.447,57.439],[-2.709,49.804],[-2.238,53.453],[-3.5,65],[-1,56.5],[-1.527,84.514]],"v":[[155.5,-166],[146.156,-43.218],[177.492,101.951],[130,256.5],[177.5,422],[132.5,583.5],[198.5,806]],"c":false}]}],"ix":2},"nm":"Path 1","mn":"ADBE Vector Shape - Group","hd":false},{"ty":"st","c":{"a":0,"k":[1,1,1,1],"ix":3},"o":{"a":0,"k":100,"ix":4},"w":{"a":0,"k":104,"ix":5},"lc":1,"lj":1,"ml":4,"bm":0,"nm":"Stroke 1","mn":"ADBE Vector Graphic - Stroke","hd":false},{"ty":"tr","p":{"a":0,"k":[-0.457,0.172],"ix":2},"a":{"a":0,"k":[0,0],"ix":1},"s":{"a":0,"k":[100,100],"ix":3},"r":{"a":0,"k":0,"ix":6},"o":{"a":0,"k":100,"ix":7},"sk":{"a":0,"k":0,"ix":4},"sa":{"a":0,"k":0,"ix":5},"nm":"Transform"}],"nm":"Shape 1","np":2,"cix":2,"bm":0,"ix":1,"mn":"ADBE Vector Group","hd":false}],"ip":0,"op":40.5,"st":-3,"bm":0}]},{"id":"comp_3","layers":[{"ddd":0,"ind":1,"ty":4,"nm":"FLAT","sr":1,"ks":{"o":{"a":0,"k":100,"ix":11},"r":{"a":0,"k":0,"ix":10},"p":{"a":0,"k":[540,540,0],"ix":2},"a":{"a":0,"k":[0,0,0],"ix":1},"s":{"a":0,"k":[100,100,100],"ix":6}},"ao":0,"shapes":[{"ty":"gr","it":[{"d":1,"ty":"el","s":{"a":0,"k":[770,770],"ix":2},"p":{"a":0,"k":[0,0],"ix":3},"nm":"Ellipse Path 1","mn":"ADBE Vector Shape - Ellipse","hd":false},{"ty":"fl","c":{"a":0,"k":[1,0.724767288507,0.105575980392,1],"ix":4},"o":{"a":0,"k":100,"ix":5},"r":1,"bm":0,"nm":"Fill 1","mn":"ADBE Vector Graphic - Fill","hd":false},{"ty":"tr","p":{"a":0,"k":[0,0],"ix":2},"a":{"a":0,"k":[0,0],"ix":1},"s":{"a":0,"k":[100,100],"ix":3},"r":{"a":0,"k":0,"ix":6},"o":{"a":0,"k":100,"ix":7},"sk":{"a":0,"k":0,"ix":4},"sa":{"a":0,"k":0,"ix":5},"nm":"Transform"}],"nm":"Ellipse 1","np":2,"cix":2,"bm":0,"ix":1,"mn":"ADBE Vector Group","hd":false}],"ip":0,"op":3604,"st":0,"bm":0}]}],"layers":[{"ddd":0,"ind":1,"ty":3,"nm":"Face Null","sr":1,"ks":{"o":{"a":0,"k":0,"ix":11},"r":{"a":0,"k":0,"ix":10},"p":{"s":true,"x":{"a":1,"k":[{"i":{"x":[0.667],"y":[1]},"o":{"x":[0.333],"y":[0]},"t":0,"s":[533]},{"i":{"x":[0.667],"y":[1]},"o":{"x":[0.333],"y":[0]},"t":20,"s":[547]},{"t":40,"s":[533]}],"ix":3},"y":{"a":0,"k":540,"ix":4}},"a":{"a":0,"k":[0,0,0],"ix":1},"s":{"a":0,"k":[100,100,100],"ix":6}},"ao":0,"ip":0,"op":66,"st":0,"bm":0},{"ddd":0,"ind":2,"ty":4,"nm":"Eyebrow_R","parent":1,"sr":1,"ks":{"o":{"a":0,"k":100,"ix":11},"r":{"a":0,"k":0,"ix":10},"p":{"a":0,"k":[0,-103,0],"ix":2},"a":{"a":0,"k":[34,-1,0],"ix":1},"s":{"a":0,"k":[-100,100,100],"ix":6}},"ao":0,"shapes":[{"ty":"gr","it":[{"ind":0,"ty":"sh","ix":1,"ks":{"a":0,"k":{"i":[[-1.941,0.052],[-13.244,41.469]],"o":[[57.631,-1.545],[0.592,-1.854]],"v":[[-101.631,29.545],[-13.756,-43.469]],"c":false},"ix":2,"x":"var $bm_rt;\n$bm_rt = thisComp.layer('Eyebrow_L').content('Ellipse 1').content('Path 1').path;"},"nm":"Path 1","mn":"ADBE Vector Shape - Group","hd":false},{"ty":"st","c":{"a":0,"k":[0,0,0,1],"ix":3},"o":{"a":0,"k":100,"ix":4},"w":{"a":0,"k":15,"ix":5},"lc":2,"lj":1,"ml":4,"bm":0,"nm":"Stroke 1","mn":"ADBE Vector Graphic - Stroke","hd":false},{"ty":"tr","p":{"a":0,"k":[-125,-137],"ix":2},"a":{"a":0,"k":[0,0],"ix":1},"s":{"a":0,"k":[100,100],"ix":3},"r":{"a":0,"k":0,"ix":6},"o":{"a":0,"k":100,"ix":7},"sk":{"a":0,"k":0,"ix":4},"sa":{"a":0,"k":0,"ix":5},"nm":"Transform"}],"nm":"Ellipse 1","np":2,"cix":2,"bm":0,"ix":1,"mn":"ADBE Vector Group","hd":false}],"ip":0,"op":66,"st":0,"bm":0},{"ddd":0,"ind":3,"ty":4,"nm":"Eyebrow_L","parent":1,"sr":1,"ks":{"o":{"a":0,"k":100,"ix":11},"r":{"a":0,"k":0,"ix":10},"p":{"a":0,"k":[0,-103,0],"ix":2},"a":{"a":0,"k":[34,-1,0],"ix":1},"s":{"a":0,"k":[100,100,100],"ix":6}},"ao":0,"shapes":[{"ty":"gr","it":[{"ind":0,"ty":"sh","ix":1,"ks":{"a":0,"k":{"i":[[-1.908,0.357],[-10.244,37.469]],"o":[[45.631,-8.545],[0.513,-1.877]],"v":[[-56.631,31.545],[23.244,-26.469]],"c":false},"ix":2},"nm":"Path 1","mn":"ADBE Vector Shape - Group","hd":false},{"ty":"st","c":{"a":0,"k":[0,0,0,1],"ix":3},"o":{"a":0,"k":100,"ix":4},"w":{"a":0,"k":15,"ix":5},"lc":2,"lj":1,"ml":4,"bm":0,"nm":"Stroke 1","mn":"ADBE Vector Graphic - Stroke","hd":false},{"ty":"tr","p":{"a":0,"k":[-125,-137],"ix":2},"a":{"a":0,"k":[0,0],"ix":1},"s":{"a":0,"k":[100,100],"ix":3},"r":{"a":0,"k":0,"ix":6},"o":{"a":0,"k":100,"ix":7},"sk":{"a":0,"k":0,"ix":4},"sa":{"a":0,"k":0,"ix":5},"nm":"Transform"}],"nm":"Ellipse 1","np":2,"cix":2,"bm":0,"ix":1,"mn":"ADBE Vector Group","hd":false}],"ip":0,"op":66,"st":0,"bm":0},{"ddd":0,"ind":4,"ty":4,"nm":"Eyes_R","parent":1,"sr":1,"ks":{"o":{"a":0,"k":100,"ix":11},"r":{"a":0,"k":0,"ix":10},"p":{"a":0,"k":[155.703,-162.067,0],"ix":2},"a":{"a":0,"k":[-119.703,-132.067,0],"ix":1},"s":{"a":0,"k":[-100,100,100],"ix":6}},"ao":0,"shapes":[{"ty":"gr","it":[{"ind":0,"ty":"sh","ix":1,"ks":{"a":0,"k":{"i":[[-0.984,1.172],[-33.938,0],[-9.434,-10.261]],"o":[[8.961,-10.679],[33.929,0],[1.064,1.157]],"v":[[-62.341,15.367],[5.376,-5.5],[72.936,15.358]],"c":false},"ix":2},"nm":"Path 1","mn":"ADBE Vector Shape - Group","hd":false},{"ty":"st","c":{"a":0,"k":[0,0,0,1],"ix":3},"o":{"a":0,"k":100,"ix":4},"w":{"a":0,"k":24,"ix":5},"lc":2,"lj":1,"ml":4,"bm":0,"nm":"Stroke 1","mn":"ADBE Vector Graphic - Stroke","hd":false},{"ty":"tr","p":{"a":0,"k":[-125,-137],"ix":2},"a":{"a":0,"k":[0,0],"ix":1},"s":{"a":0,"k":[100,100],"ix":3},"r":{"a":0,"k":0,"ix":6},"o":{"a":0,"k":100,"ix":7},"sk":{"a":0,"k":0,"ix":4},"sa":{"a":0,"k":0,"ix":5},"nm":"Transform"}],"nm":"Ellipse 1","np":2,"cix":2,"bm":0,"ix":1,"mn":"ADBE Vector Group","hd":false}],"ip":0,"op":66,"st":0,"bm":0},{"ddd":0,"ind":5,"ty":4,"nm":"Eyes_L","parent":1,"sr":1,"ks":{"o":{"a":0,"k":100,"ix":11},"r":{"a":0,"k":0,"ix":10},"p":{"a":0,"k":[-153.703,-162.067,0],"ix":2},"a":{"a":0,"k":[-119.703,-132.067,0],"ix":1},"s":{"a":0,"k":[100,100,100],"ix":6}},"ao":0,"shapes":[{"ty":"gr","it":[{"ind":0,"ty":"sh","ix":1,"ks":{"a":0,"k":{"i":[[-0.984,1.172],[-33.938,0],[-9.434,-10.261]],"o":[[8.961,-10.679],[33.929,0],[1.064,1.157]],"v":[[-62.341,15.367],[5.376,-5.5],[72.936,15.358]],"c":false},"ix":2},"nm":"Path 1","mn":"ADBE Vector Shape - Group","hd":false},{"ty":"st","c":{"a":0,"k":[0,0,0,1],"ix":3},"o":{"a":0,"k":100,"ix":4},"w":{"a":0,"k":24,"ix":5},"lc":2,"lj":1,"ml":4,"bm":0,"nm":"Stroke 1","mn":"ADBE Vector Graphic - Stroke","hd":false},{"ty":"tr","p":{"a":0,"k":[-125,-137],"ix":2},"a":{"a":0,"k":[0,0],"ix":1},"s":{"a":0,"k":[100,100],"ix":3},"r":{"a":0,"k":0,"ix":6},"o":{"a":0,"k":100,"ix":7},"sk":{"a":0,"k":0,"ix":4},"sa":{"a":0,"k":0,"ix":5},"nm":"Transform"}],"nm":"Ellipse 1","np":3,"cix":2,"bm":0,"ix":1,"mn":"ADBE Vector Group","hd":false}],"ip":0,"op":66,"st":0,"bm":0},{"ddd":0,"ind":6,"ty":0,"nm":"Tears_PRECOMP","refId":"comp_0","sr":1,"ks":{"o":{"a":0,"k":100,"ix":11},"r":{"a":0,"k":0,"ix":10},"p":{"a":0,"k":[540,540,0],"ix":2},"a":{"a":0,"k":[540,540,0],"ix":1},"s":{"a":0,"k":[100,100,100],"ix":6}},"ao":0,"hasMask":true,"masksProperties":[{"inv":false,"mode":"a","pt":{"a":0,"k":{"i":[[-212.63,0],[0,-212.63],[212.63,0],[0,212.63]],"o":[[212.63,0],[0,212.63],[-212.63,0],[0,-212.63]],"v":[[540,155],[925,540],[540,925],[155,540]],"c":true},"ix":1},"o":{"a":0,"k":100,"ix":3},"x":{"a":0,"k":0,"ix":4},"nm":"Mask 1"}],"w":1080,"h":1080,"ip":0,"op":66,"st":0,"bm":0},{"ddd":0,"ind":7,"ty":4,"nm":"Tongue","parent":1,"sr":1,"ks":{"o":{"a":0,"k":100,"ix":11},"r":{"a":0,"k":0,"ix":10},"p":{"a":0,"k":[-0.5,-100,0],"ix":2},"a":{"a":0,"k":[0,0,0],"ix":1},"s":{"a":0,"k":[100,100,100],"ix":6}},"ao":0,"hasMask":true,"masksProperties":[{"inv":false,"mode":"a","pt":{"a":0,"k":{"i":[[0,-37.003],[0,0],[37.003,0],[0,37.003],[0,0],[-37.003,0]],"o":[[0,0],[0,37.003],[-37.003,0],[0,0],[0,-37.003],[37.003,0]],"v":[[67.5,92.5],[67.5,127.5],[0.5,194.5],[-66.5,127.5],[-66.5,92.5],[0.5,25.5]],"c":true},"ix":1},"o":{"a":0,"k":100,"ix":3},"x":{"a":0,"k":0,"ix":4},"nm":"Mask 1"}],"shapes":[{"ty":"gr","it":[{"d":1,"ty":"el","s":{"a":0,"k":[301,301],"ix":2},"p":{"a":0,"k":[0,296],"ix":3},"nm":"Ellipse Path 1","mn":"ADBE Vector Shape - Ellipse","hd":false},{"ty":"fl","c":{"a":0,"k":[0.868290441176,0.300137418859,0.300137418859,1],"ix":4},"o":{"a":0,"k":100,"ix":5},"r":1,"bm":0,"nm":"Fill 1","mn":"ADBE Vector Graphic - Fill","hd":false},{"ty":"tr","p":{"a":0,"k":[0,0],"ix":2},"a":{"a":0,"k":[0,0],"ix":1},"s":{"a":0,"k":[100,100],"ix":3},"r":{"a":0,"k":0,"ix":6},"o":{"a":0,"k":100,"ix":7},"sk":{"a":0,"k":0,"ix":4},"sa":{"a":0,"k":0,"ix":5},"nm":"Transform"}],"nm":"Ellipse 1","np":2,"cix":2,"bm":0,"ix":1,"mn":"ADBE Vector Group","hd":false}],"ip":0,"op":66,"st":0,"bm":0},{"ddd":0,"ind":8,"ty":4,"nm":"Mouth","parent":1,"sr":1,"ks":{"o":{"a":0,"k":100,"ix":11},"r":{"a":0,"k":0,"ix":10},"p":{"a":0,"k":[0,-100,0],"ix":2},"a":{"a":0,"k":[0,0,0],"ix":1},"s":{"a":0,"k":[100,100,100],"ix":6}},"ao":0,"shapes":[{"ty":"gr","it":[{"ind":0,"ty":"sh","ix":1,"ks":{"a":0,"k":{"i":[[0,-37.003],[0,0],[37.003,0],[0,37.003],[0,0],[-37.003,0]],"o":[[0,0],[0,37.003],[-37.003,0],[0,0],[0,-37.003],[37.003,0]],"v":[[67,91.5],[67,126.5],[0,193.5],[-67,126.5],[-67,91.5],[0,24.5]],"c":true},"ix":2},"nm":"Path 1","mn":"ADBE Vector Shape - Group","hd":false},{"ty":"fl","c":{"a":0,"k":[0,0,0,1],"ix":4},"o":{"a":0,"k":100,"ix":5},"r":1,"bm":0,"nm":"Fill 1","mn":"ADBE Vector Graphic - Fill","hd":false},{"ty":"tr","p":{"a":0,"k":[0,0],"ix":2},"a":{"a":0,"k":[0,0],"ix":1},"s":{"a":0,"k":[100,100],"ix":3},"r":{"a":0,"k":0,"ix":6},"o":{"a":0,"k":100,"ix":7},"sk":{"a":0,"k":0,"ix":4},"sa":{"a":0,"k":0,"ix":5},"nm":"Transform"}],"nm":"Rectangle 1","np":2,"cix":2,"bm":0,"ix":1,"mn":"ADBE Vector Group","hd":false}],"ip":0,"op":66,"st":0,"bm":0},{"ddd":0,"ind":9,"ty":0,"nm":"HEAD_GLOBAL PRECOMP","refId":"comp_3","sr":1,"ks":{"o":{"a":0,"k":100,"ix":11},"r":{"a":0,"k":0,"ix":10},"p":{"a":0,"k":[540,540,0],"ix":2},"a":{"a":0,"k":[540,540,0],"ix":1},"s":{"a":0,"k":[100,100,100],"ix":6}},"ao":0,"w":1080,"h":1080,"ip":0,"op":66,"st":0,"bm":0}],"markers":[{"tm":40,"cm":"LOOP","dr":0}]}