{"v":"5.5.7","meta":{"g":"LottieFiles AE 0.1.20","a":"","k":"","d":"","tc":""},"fr":60,"ip":0,"op":295,"w":1080,"h":1080,"nm":"Cussing_MAIN","ddd":0,"assets":[{"id":"comp_0","layers":[{"ddd":0,"ind":1,"ty":4,"nm":"FLAT","sr":1,"ks":{"o":{"a":0,"k":100,"ix":11},"r":{"a":0,"k":0,"ix":10},"p":{"a":0,"k":[540,628,0],"ix":2},"a":{"a":0,"k":[0,88,0],"ix":1},"s":{"a":0,"k":[100,100,100],"ix":6}},"ao":0,"shapes":[{"ty":"gr","it":[{"d":1,"ty":"el","s":{"a":0,"k":[770,770],"ix":2},"p":{"a":0,"k":[0,0],"ix":3},"nm":"Ellipse Path 1","mn":"ADBE Vector Shape - Ellipse","hd":false},{"ty":"fl","c":{"a":0,"k":[1,0.243137254902,0.243137254902,1],"ix":4},"o":{"a":0,"k":100,"ix":5},"r":1,"bm":0,"nm":"Fill 1","mn":"ADBE Vector Graphic - Fill","hd":false},{"ty":"tr","p":{"a":0,"k":[0,0],"ix":2},"a":{"a":0,"k":[0,0],"ix":1},"s":{"a":0,"k":[100,100],"ix":3},"r":{"a":0,"k":0,"ix":6},"o":{"a":0,"k":100,"ix":7},"sk":{"a":0,"k":0,"ix":4},"sa":{"a":0,"k":0,"ix":5},"nm":"Transform"}],"nm":"Ellipse 1","np":2,"cix":2,"bm":0,"ix":1,"mn":"ADBE Vector Group","hd":false}],"ip":0,"op":664,"st":0,"bm":0}]}],"layers":[{"ddd":0,"ind":1,"ty":4,"nm":"&$!#%@ Outlines - &","parent":7,"sr":1,"ks":{"o":{"a":0,"k":100,"ix":11},"r":{"a":0,"k":0,"ix":10},"p":{"a":1,"k":[{"t":35,"s":[-243.381,150.242,0],"h":1},{"t":45,"s":[75.212,150.242,0],"h":1},{"t":55,"s":[73.581,153.243,0],"h":1},{"t":63,"s":[12.612,153.243,0],"h":1},{"t":74,"s":[270.538,153.243,0],"h":1},{"t":84,"s":[-243.381,150.242,0],"h":1},{"t":94,"s":[75.212,150.242,0],"h":1},{"t":104,"s":[73.581,153.243,0],"h":1},{"t":112,"s":[12.612,153.243,0],"h":1},{"t":123,"s":[270.538,153.243,0],"h":1},{"t":137,"s":[-243.381,150.242,0],"h":1},{"t":148,"s":[75.212,150.242,0],"h":1},{"t":159,"s":[73.581,153.243,0],"h":1},{"t":169,"s":[73.581,153.243,0],"h":1},{"t":178,"s":[75.212,150.242,0],"h":1}],"ix":2},"a":{"a":0,"k":[36.5,-35,0],"ix":1},"s":{"a":0,"k":[201.636,201.636,100],"ix":6}},"ao":0,"shapes":[{"ty":"gr","it":[{"ind":0,"ty":"sh","ix":1,"ks":{"a":0,"k":{"i":[[-0.8,-2.297],[-1.902,-1.831],[-3.134,-1.166],[-4.669,0],[-3.536,1.438],[-2.669,2.141],[-0.933,-1.3],[-0.556,-0.878],[0,0],[2.034,2.831],[2.134,2.398],[-0.634,1.534],[-0.502,1.534],[-0.334,1.502],[-0.134,1.269],[0,0],[0.556,-2.025],[0.589,-1.327],[0,0],[-2.302,3.169],[0,4.069],[0.8,1.9],[1.566,1.434],[2.333,0.834],[3.133,0],[3.533,-3.166],[0,-5.866],[-1.267,-2.233],[-1.577,-1.956],[1.628,-1.298],[1.23,-1.698],[0.731,-2.098],[0,-2.531]],"o":[[0.8,2.298],[1.9,1.831],[3.134,1.166],[4.402,0],[3.534,-1.438],[0.931,0.934],[0.931,1.3],[0,0],[-1.469,-2.864],[-2.036,-2.831],[0.734,-1.267],[0.634,-1.534],[0.5,-1.534],[0.334,-1.5],[0,0],[-0.131,1.527],[-0.556,2.025],[0,0],[3.536,-2.133],[2.302,-3.167],[0,-2.2],[-0.8,-1.9],[-1.567,-1.434],[-2.334,-0.833],[-6.2,0],[-3.534,3.167],[0,2.667],[1.266,2.234],[-1.795,1],[-1.63,1.3],[-1.231,1.698],[-0.731,2.098],[0,2.266]],"v":[[4.7,-11.539],[8.753,-5.344],[16.306,-0.848],[28.012,0.9],[39.919,-1.256],[49.223,-6.622],[52.02,-3.269],[54.253,0],[69.5,0],[64.244,-8.544],[57.988,-16.387],[60.042,-20.591],[61.745,-25.194],[62.998,-29.747],[63.7,-33.9],[51.3,-35.5],[50.269,-30.173],[48.55,-25.147],[37.291,-36.292],[46.047,-44.244],[49.5,-55.097],[48.3,-61.247],[44.75,-66.248],[38.9,-69.65],[30.7,-70.9],[16.1,-66.15],[10.8,-52.6],[12.7,-45.25],[16.964,-38.966],[11.828,-35.519],[7.539,-31.022],[4.597,-25.327],[3.5,-18.383]],"c":true},"ix":2},"nm":"&","mn":"ADBE Vector Shape - Group","hd":false},{"ind":1,"ty":"sh","ix":2,"ks":{"a":0,"k":{"i":[[-0.464,1.131],[-0.73,0.898],[-0.894,0.666],[-0.928,0.466],[0,0],[2.105,-0.744],[2.806,0],[1.403,0.566],[0.902,0.898],[0.4,1.064],[0,0.998]],"o":[[0.463,-1.131],[0.728,-0.897],[0.894,-0.666],[0,0],[-1.403,1.217],[-2.106,0.744],[-2.006,0],[-1.403,-0.566],[-0.903,-0.897],[-0.402,-1.064],[0,-1.463]],"v":[[18.095,-23.77],[19.884,-26.814],[22.319,-29.158],[25.052,-30.855],[41.159,-14.856],[35.897,-11.916],[28.528,-10.8],[23.414,-11.648],[19.956,-13.844],[18.002,-16.786],[17.4,-19.88]],"c":true},"ix":2},"nm":"&","mn":"ADBE Vector Shape - Group","hd":false},{"ind":2,"ty":"sh","ix":3,"ks":{"a":0,"k":{"i":[[1.539,-1.669],[2.142,-1.202],[1,1.634],[0,1.734],[-1.167,1.3],[-2.134,0],[-1,-1.202],[0,-1.536]],"o":[[-1.541,1.67],[-1.578,-1.488],[-1,-1.633],[0,-2.066],[1.166,-1.3],[2.333,0],[1,1.203],[0,2.672]],"v":[[34.491,-47.877],[28.967,-43.569],[25.1,-48.25],[23.6,-53.3],[25.35,-58.35],[30.3,-60.3],[35.3,-58.497],[36.8,-54.389]],"c":true},"ix":2},"nm":"&","mn":"ADBE Vector Shape - Group","hd":false},{"ty":"mm","mm":1,"nm":"Merge Paths 1","mn":"ADBE Vector Filter - Merge","hd":false},{"ty":"fl","c":{"a":0,"k":[1,1,1,1],"ix":4},"o":{"a":0,"k":100,"ix":5},"r":1,"bm":0,"nm":"Fill 1","mn":"ADBE Vector Graphic - Fill","hd":false},{"ty":"tr","p":{"a":0,"k":[0,0],"ix":2},"a":{"a":0,"k":[0,0],"ix":1},"s":{"a":0,"k":[100,100],"ix":3},"r":{"a":0,"k":0,"ix":6},"o":{"a":0,"k":100,"ix":7},"sk":{"a":0,"k":0,"ix":4},"sa":{"a":0,"k":0,"ix":5},"nm":"Transform"}],"nm":"&","np":6,"cix":2,"bm":0,"ix":1,"mn":"ADBE Vector Group","hd":false}],"ip":35,"op":182,"st":35,"bm":0},{"ddd":0,"ind":2,"ty":4,"nm":"&$!#%@ Outlines - $","parent":7,"sr":1,"ks":{"o":{"a":0,"k":100,"ix":11},"r":{"a":0,"k":0,"ix":10},"p":{"a":1,"k":[{"t":35,"s":[-118.572,153.569,0],"h":1},{"t":45,"s":[-188.413,151.565,0],"h":1},{"t":55,"s":[-116.556,153.569,0],"h":1},{"t":63,"s":[-116.624,154.57,0],"h":1},{"t":74,"s":[-41.23,154.57,0],"h":1},{"t":84,"s":[-118.572,153.569,0],"h":1},{"t":94,"s":[-188.413,151.565,0],"h":1},{"t":104,"s":[-116.556,153.569,0],"h":1},{"t":112,"s":[-116.624,154.57,0],"h":1},{"t":123,"s":[-41.23,154.57,0],"h":1},{"t":137,"s":[-118.572,153.569,0],"h":1},{"t":148,"s":[-188.413,151.565,0],"h":1},{"t":159,"s":[-116.556,153.569,0],"h":1},{"t":169,"s":[-116.556,153.569,0],"h":1},{"t":178,"s":[-188.413,151.565,0],"h":1}],"ix":2},"a":{"a":0,"k":[98.399,-33.35,0],"ix":1},"s":{"a":0,"k":[201.636,201.636,100],"ix":6}},"ao":0,"shapes":[{"ty":"gr","it":[{"ind":0,"ty":"sh","ix":1,"ks":{"a":0,"k":{"i":[[0,0],[0,0],[0,0],[-2.234,1.2],[-1.4,1.666],[-0.6,1.966],[0,2],[1.033,2.2],[1.833,1.633],[2.5,1.269],[2.933,1.069],[1.366,0.569],[0.933,0.6],[0.433,0.767],[0,1.067],[-1.4,1.067],[-3.2,0],[-2.9,-0.666],[-2.2,-0.933],[0,0],[2.5,0.667],[3.466,0.334],[0,0],[0,0],[0,0],[2.133,-1.166],[1.333,-1.666],[0.633,-2.033],[0,-2.2],[-1.034,-2.033],[-1.7,-1.4],[-2.1,-0.966],[-2.2,-0.8],[-1.734,-0.7],[-1.134,-0.733],[-0.6,-0.9],[0,-1.266],[1.5,-1.1],[4.066,0],[3.233,0.934],[2.333,1.134],[0,0],[-3.034,-1.1],[-4.867,-0.4]],"o":[[0,0],[0,0],[3.266,-0.533],[2.233,-1.2],[1.4,-1.666],[0.6,-1.966],[0,-2.931],[-1.034,-2.198],[-1.834,-1.631],[-2.5,-1.269],[-1.934,-0.669],[-1.367,-0.567],[-0.934,-0.6],[-0.434,-0.766],[0,-1.733],[1.4,-1.066],[3.2,0],[2.9,0.667],[0,0],[-1.467,-0.666],[-2.5,-0.666],[0,0],[0,0],[0,0],[-2.934,0.534],[-2.134,1.167],[-1.334,1.667],[-0.634,2.034],[0,2.867],[1.033,2.034],[1.7,1.4],[2.1,0.967],[2.266,0.8],[1.733,0.7],[1.133,0.734],[0.6,0.9],[0,2],[-1.5,1.1],[-3.6,0],[-3.234,-0.933],[0,0],[1.466,0.734],[3.033,1.1],[0,0]],"v":[[92.599,10.9],[105.199,10.9],[105.199,-1.3],[113.449,-3.898],[118.899,-8.197],[121.899,-13.644],[122.799,-19.591],[121.249,-27.288],[116.949,-33.034],[110.449,-37.386],[102.299,-40.894],[97.349,-42.748],[93.899,-44.5],[91.849,-46.55],[91.199,-49.3],[93.299,-53.5],[100.199,-55.1],[109.349,-54.1],[116.999,-51.7],[120.099,-63.7],[114.149,-65.7],[105.199,-67.2],[105.199,-77.6],[92.599,-77.6],[92.599,-66.8],[84.999,-64.25],[79.799,-60],[76.849,-54.45],[75.899,-48.1],[77.449,-40.75],[81.549,-35.6],[87.249,-32.05],[93.699,-29.4],[99.699,-27.15],[103.999,-25],[106.599,-22.55],[107.499,-19.3],[105.249,-14.65],[96.899,-13],[86.649,-14.4],[78.299,-17.5],[73.999,-6],[80.749,-3.25],[92.599,-1]],"c":true},"ix":2},"nm":"$","mn":"ADBE Vector Shape - Group","hd":false},{"ty":"fl","c":{"a":0,"k":[1,1,1,1],"ix":4},"o":{"a":0,"k":100,"ix":5},"r":1,"bm":0,"nm":"Fill 1","mn":"ADBE Vector Graphic - Fill","hd":false},{"ty":"tr","p":{"a":0,"k":[0,0],"ix":2},"a":{"a":0,"k":[0,0],"ix":1},"s":{"a":0,"k":[100,100],"ix":3},"r":{"a":0,"k":0,"ix":6},"o":{"a":0,"k":100,"ix":7},"sk":{"a":0,"k":0,"ix":4},"sa":{"a":0,"k":0,"ix":5},"nm":"Transform"}],"nm":"$","np":3,"cix":2,"bm":0,"ix":1,"mn":"ADBE Vector Group","hd":false}],"ip":35,"op":182,"st":35,"bm":0},{"ddd":0,"ind":3,"ty":4,"nm":"&$!#%@ Outlines - !","parent":7,"sr":1,"ks":{"o":{"a":0,"k":100,"ix":11},"r":{"a":0,"k":0,"ix":10},"p":{"a":1,"k":[{"t":35,"s":[-31.466,152.259,0],"h":1},{"t":45,"s":[-277.906,152.259,0],"h":1},{"t":55,"s":[-29.964,152.259,0],"h":1},{"t":63,"s":[281.377,152.259,0],"h":1},{"t":74,"s":[-130.313,152.259,0],"h":1},{"t":84,"s":[-31.466,152.259,0],"h":1},{"t":94,"s":[-277.906,152.259,0],"h":1},{"t":104,"s":[-29.964,152.259,0],"h":1},{"t":112,"s":[281.377,152.259,0],"h":1},{"t":123,"s":[-130.313,152.259,0],"h":1},{"t":137,"s":[-31.466,152.259,0],"h":1},{"t":148,"s":[-277.906,152.259,0],"h":1},{"t":159,"s":[-29.964,152.259,0],"h":1},{"t":169,"s":[-29.964,152.259,0],"h":1},{"t":178,"s":[-277.906,152.259,0],"h":1}],"ix":2},"a":{"a":0,"k":[141.598,-34,0],"ix":1},"s":{"a":0,"k":[201.636,201.636,100],"ix":6}},"ao":0,"shapes":[{"ty":"gr","it":[{"ind":0,"ty":"sh","ix":1,"ks":{"a":0,"k":{"i":[[0,0],[0,0],[0,0],[-0.434,-4.666],[-0.667,-4.8],[0,0],[-0.4,4.667],[0,5.4]],"o":[[0,0],[0,0],[0,5.4],[0.433,4.667],[0,0],[0.666,-4.8],[0.4,-4.666],[0,0]],"v":[[149.598,-69.3],[133.698,-69.3],[133.698,-51.4],[134.348,-36.3],[135.998,-22.1],[147.398,-22.1],[148.998,-36.3],[149.598,-51.4]],"c":true},"ix":2},"nm":"!","mn":"ADBE Vector Shape - Group","hd":false},{"ind":1,"ty":"sh","ix":2,"ks":{"a":0,"k":{"i":[[1.9,1.6],[2.4,0],[1.9,-1.6],[0,-2.933],[-1.9,-1.6],[-2.4,0],[-1.9,1.6],[0,2.934]],"o":[[-1.9,-1.6],[-2.4,0],[-1.9,1.6],[0,2.934],[1.9,1.6],[2.4,0],[1.9,-1.6],[0,-2.933]],"v":[[148.048,-14.7],[141.598,-17.1],[135.148,-14.7],[132.298,-7.9],[135.148,-1.1],[141.598,1.3],[148.048,-1.1],[150.898,-7.9]],"c":true},"ix":2},"nm":"!","mn":"ADBE Vector Shape - Group","hd":false},{"ty":"mm","mm":1,"nm":"Merge Paths 1","mn":"ADBE Vector Filter - Merge","hd":false},{"ty":"fl","c":{"a":0,"k":[1,1,1,1],"ix":4},"o":{"a":0,"k":100,"ix":5},"r":1,"bm":0,"nm":"Fill 1","mn":"ADBE Vector Graphic - Fill","hd":false},{"ty":"tr","p":{"a":0,"k":[0,0],"ix":2},"a":{"a":0,"k":[0,0],"ix":1},"s":{"a":0,"k":[100,100],"ix":3},"r":{"a":0,"k":0,"ix":6},"o":{"a":0,"k":100,"ix":7},"sk":{"a":0,"k":0,"ix":4},"sa":{"a":0,"k":0,"ix":5},"nm":"Transform"}],"nm":"!","np":5,"cix":2,"bm":0,"ix":1,"mn":"ADBE Vector Group","hd":false}],"ip":35,"op":182,"st":35,"bm":0},{"ddd":0,"ind":4,"ty":4,"nm":"&$!#%@ Outlines - #","parent":7,"sr":1,"ks":{"o":{"a":1,"k":[{"t":73,"s":[100],"h":1},{"t":74,"s":[0],"h":1},{"t":84,"s":[100],"h":1},{"t":122,"s":[100],"h":1},{"t":123,"s":[0],"h":1},{"t":137,"s":[100],"h":1}],"ix":11},"r":{"a":0,"k":0,"ix":10},"p":{"a":1,"k":[{"t":35,"s":[67.838,150.948,0],"h":1},{"t":45,"s":[-69.138,150.948,0],"h":1},{"t":55,"s":[-239.084,150.948,0],"h":1},{"t":63,"s":[-245.036,150.948,0],"h":1},{"t":84,"s":[67.838,150.948,0],"h":1},{"t":94,"s":[-69.138,150.948,0],"h":1},{"t":104,"s":[-239.084,150.948,0],"h":1},{"t":112,"s":[-245.036,150.948,0],"h":1},{"t":137,"s":[67.838,150.948,0],"h":1},{"t":148,"s":[-69.138,150.948,0],"h":1},{"t":159,"s":[-239.084,150.948,0],"h":1},{"t":169,"s":[-239.084,150.948,0],"h":1},{"t":178,"s":[-69.138,150.948,0],"h":1}],"ix":2},"a":{"a":0,"k":[190.848,-34.65,0],"ix":1},"s":{"a":0,"k":[201.636,201.636,100],"ix":6}},"ao":0,"shapes":[{"ty":"gr","it":[{"ind":0,"ty":"sh","ix":1,"ks":{"a":0,"k":{"i":[[0,0],[0,0],[0,0],[0,0],[0,0],[0,0],[0,0],[0,0],[0,0],[0,0],[0,0],[0,0],[0,0],[0,0],[0,0],[0,0],[0,0],[0,0],[0,0],[0,0],[0,0],[0,0],[0,0],[0,0],[0,0],[0,0],[0,0],[0,0]],"o":[[0,0],[0,0],[0,0],[0,0],[0,0],[0,0],[0,0],[0,0],[0,0],[0,0],[0,0],[0,0],[0,0],[0,0],[0,0],[0,0],[0,0],[0,0],[0,0],[0,0],[0,0],[0,0],[0,0],[0,0],[0,0],[0,0],[0,0],[0,0]],"v":[[191.698,-69.3],[178.698,-69.3],[175.435,-52.3],[161.398,-52.3],[161.398,-40.8],[173.227,-40.8],[170.868,-28.5],[161.398,-28.5],[161.398,-17],[168.66,-17],[165.398,0],[178.398,0],[181.66,-17],[193.26,-17],[189.998,0],[202.998,0],[206.26,-17],[220.298,-17],[220.298,-28.5],[208.468,-28.5],[210.827,-40.8],[220.298,-40.8],[220.298,-52.3],[213.035,-52.3],[216.298,-69.3],[203.298,-69.3],[200.035,-52.3],[188.435,-52.3]],"c":true},"ix":2},"nm":"#","mn":"ADBE Vector Shape - Group","hd":false},{"ind":1,"ty":"sh","ix":2,"ks":{"a":0,"k":{"i":[[0,0],[0,0],[0,0],[0,0]],"o":[[0,0],[0,0],[0,0],[0,0]],"v":[[186.227,-40.8],[197.827,-40.8],[195.468,-28.5],[183.868,-28.5]],"c":true},"ix":2},"nm":"#","mn":"ADBE Vector Shape - Group","hd":false},{"ty":"mm","mm":1,"nm":"Merge Paths 1","mn":"ADBE Vector Filter - Merge","hd":false},{"ty":"fl","c":{"a":0,"k":[1,1,1,1],"ix":4},"o":{"a":0,"k":100,"ix":5},"r":1,"bm":0,"nm":"Fill 1","mn":"ADBE Vector Graphic - Fill","hd":false},{"ty":"tr","p":{"a":0,"k":[0,0],"ix":2},"a":{"a":0,"k":[0,0],"ix":1},"s":{"a":0,"k":[100,100],"ix":3},"r":{"a":0,"k":0,"ix":6},"o":{"a":0,"k":100,"ix":7},"sk":{"a":0,"k":0,"ix":4},"sa":{"a":0,"k":0,"ix":5},"nm":"Transform"}],"nm":"#","np":5,"cix":2,"bm":0,"ix":1,"mn":"ADBE Vector Group","hd":false}],"ip":35,"op":182,"st":35,"bm":0},{"ddd":0,"ind":5,"ty":4,"nm":"&$!#%@ Outlines - %","parent":7,"sr":1,"ks":{"o":{"a":1,"k":[{"t":35,"s":[100],"h":1},{"t":55,"s":[0],"h":1},{"t":63,"s":[100],"h":1},{"t":84,"s":[100],"h":1},{"t":104,"s":[0],"h":1},{"t":112,"s":[100],"h":1},{"t":137,"s":[100],"h":1},{"t":159,"s":[0],"h":1},{"t":169,"s":[0],"h":1}],"ix":11},"r":{"a":0,"k":0,"ix":10},"p":{"a":1,"k":[{"t":35,"s":[230.859,150.948,0],"h":1},{"t":55,"s":[157.895,150.948,0],"h":1},{"t":74,"s":[104.326,148.932,0],"h":1},{"t":84,"s":[230.859,150.948,0],"h":1},{"t":104,"s":[157.895,150.948,0],"h":1},{"t":123,"s":[104.326,148.932,0],"h":1},{"t":137,"s":[230.859,150.948,0],"h":1},{"t":159,"s":[157.895,150.948,0],"h":1},{"t":169,"s":[157.895,150.948,0],"h":1}],"ix":2},"a":{"a":0,"k":[271.697,-34.65,0],"ix":1},"s":{"a":0,"k":[201.636,201.636,100],"ix":6}},"ao":0,"shapes":[{"ty":"gr","it":[{"ind":0,"ty":"sh","ix":1,"ks":{"a":0,"k":{"i":[[3.2,3.334],[5.4,0],[3.2,-3.333],[0,-6.266],[-3.2,-3.333],[-5.4,0],[-3.2,3.334],[0,6.267]],"o":[[-3.2,-3.333],[-5.4,0],[-3.2,3.334],[0,6.267],[3.2,3.334],[5.4,0],[3.2,-3.333],[0,-6.266]],"v":[[259.897,-65.9],[246.997,-70.9],[234.097,-65.9],[229.297,-51.5],[234.097,-37.1],[246.997,-32.1],[259.897,-37.1],[264.697,-51.5]],"c":true},"ix":2},"nm":"%","mn":"ADBE Vector Shape - Group","hd":false},{"ind":1,"ty":"sh","ix":2,"ks":{"a":0,"k":{"i":[[1.2,-1.566],[1.866,0],[1.166,1.567],[0,3.4],[-1.167,1.534],[-1.934,0],[-1.2,-1.533],[0,-3.4]],"o":[[-1.2,1.567],[-1.934,0],[-1.167,-1.566],[0,-3.4],[1.166,-1.533],[1.866,0],[1.2,1.534],[0,3.4]],"v":[[251.597,-44.05],[246.997,-41.7],[242.347,-44.05],[240.597,-51.5],[242.347,-58.9],[246.997,-61.2],[251.597,-58.9],[253.397,-51.5]],"c":true},"ix":2},"nm":"%","mn":"ADBE Vector Shape - Group","hd":false},{"ind":2,"ty":"sh","ix":3,"ks":{"a":0,"k":{"i":[[0,0],[0,0],[0,0],[0,0]],"o":[[0,0],[0,0],[0,0],[0,0]],"v":[[245.097,0],[258.997,0],[298.097,-69.3],[284.197,-69.3]],"c":true},"ix":2},"nm":"%","mn":"ADBE Vector Shape - Group","hd":false},{"ind":3,"ty":"sh","ix":4,"ks":{"a":0,"k":{"i":[[3.2,3.334],[5.4,0],[3.2,-3.333],[0,-6.266],[-3.2,-3.333],[-5.4,0],[-3.2,3.334],[0,6.267]],"o":[[-3.2,-3.333],[-5.4,0],[-3.2,3.334],[0,6.267],[3.2,3.334],[5.4,0],[3.2,-3.333],[0,-6.266]],"v":[[309.297,-32.2],[296.397,-37.2],[283.497,-32.2],[278.697,-17.8],[283.497,-3.4],[296.397,1.6],[309.297,-3.4],[314.096,-17.8]],"c":true},"ix":2},"nm":"%","mn":"ADBE Vector Shape - Group","hd":false},{"ind":4,"ty":"sh","ix":5,"ks":{"a":0,"k":{"i":[[1.2,-1.566],[1.866,0],[1.166,1.567],[0,3.4],[-1.167,1.534],[-1.934,0],[-1.2,-1.533],[0,-3.4]],"o":[[-1.2,1.567],[-1.934,0],[-1.167,-1.566],[0,-3.4],[1.166,-1.533],[1.866,0],[1.2,1.534],[0,3.4]],"v":[[300.997,-10.35],[296.397,-8],[291.747,-10.35],[289.997,-17.8],[291.747,-25.2],[296.397,-27.5],[300.997,-25.2],[302.797,-17.8]],"c":true},"ix":2},"nm":"%","mn":"ADBE Vector Shape - Group","hd":false},{"ty":"mm","mm":1,"nm":"Merge Paths 1","mn":"ADBE Vector Filter - Merge","hd":false},{"ty":"fl","c":{"a":0,"k":[1,1,1,1],"ix":4},"o":{"a":0,"k":100,"ix":5},"r":1,"bm":0,"nm":"Fill 1","mn":"ADBE Vector Graphic - Fill","hd":false},{"ty":"tr","p":{"a":0,"k":[0,0],"ix":2},"a":{"a":0,"k":[0,0],"ix":1},"s":{"a":0,"k":[100,100],"ix":3},"r":{"a":0,"k":0,"ix":6},"o":{"a":0,"k":100,"ix":7},"sk":{"a":0,"k":0,"ix":4},"sa":{"a":0,"k":0,"ix":5},"nm":"Transform"}],"nm":"%","np":8,"cix":2,"bm":0,"ix":1,"mn":"ADBE Vector Group","hd":false}],"ip":35,"op":182,"st":35,"bm":0},{"ddd":0,"ind":6,"ty":4,"nm":"&$!#%@ Outlines - @","parent":7,"sr":1,"ks":{"o":{"a":1,"k":[{"t":35,"s":[0],"h":1},{"t":55,"s":[100],"h":1},{"t":63,"s":[0],"h":1},{"t":73,"s":[0],"h":1},{"t":74,"s":[100],"h":1},{"t":84,"s":[0],"h":1},{"t":104,"s":[100],"h":1},{"t":112,"s":[0],"h":1},{"t":122,"s":[0],"h":1},{"t":123,"s":[100],"h":1},{"t":137,"s":[0],"h":1},{"t":159,"s":[100],"h":1},{"t":169,"s":[100],"h":1}],"ix":11},"r":{"a":0,"k":0,"ix":10},"p":{"a":1,"k":[{"t":35,"s":[233.875,157.495,0],"h":1},{"t":74,"s":[-249.241,157.495,0],"h":1},{"t":84,"s":[233.875,157.495,0],"h":1},{"t":123,"s":[-249.241,157.495,0],"h":1},{"t":137,"s":[233.875,157.495,0],"h":1}],"ix":2},"a":{"a":0,"k":[366.296,-27.7,0],"ix":1},"s":{"a":0,"k":[179.668,179.668,100],"ix":6}},"ao":0,"shapes":[{"ty":"gr","it":[{"ind":0,"ty":"sh","ix":1,"ks":{"a":0,"k":{"i":[[-2.734,1.334],[-1.967,2.534],[-1.034,3.767],[0,4.867],[2.2,4.834],[3.833,3.267],[5.266,1.7],[6.133,0],[5.3,-1.866],[4.133,-3.733],[2.533,-5.566],[0,-7.4],[-2.4,-5.5],[-4.167,-3.534],[-5.6,-1.667],[-6.4,0],[-3.4,0.6],[-1.667,0.533],[0,0],[2.966,-0.434],[3.333,0],[4.233,1.433],[2.966,2.8],[1.6,4.167],[0,5.534],[-1.634,4.267],[-2.9,2.967],[-3.967,1.6],[-4.734,0],[-3.9,-1.366],[-2.7,-2.433],[-1.434,-3.433],[0,-4.133],[0.466,-2.7],[0.733,-1.566],[1.033,-0.6],[1.066,0],[0.633,0.534],[0,1.534],[0,0],[3.033,0.7],[3.933,0],[3.1,-1.266],[2.133,-2.166],[1.1,-2.933],[0,-3.4],[-1.1,-3.033],[-1.967,-2.066],[-2.767,-1.033],[-3.334,0],[-2.934,2.067],[-1.934,-0.466],[-1.934,0]],"o":[[2.733,-1.333],[1.966,-2.533],[1.033,-3.766],[0,-6.266],[-2.2,-4.833],[-3.834,-3.266],[-5.267,-1.7],[-5.6,0],[-5.3,1.867],[-4.134,3.734],[-2.534,5.567],[0,7.667],[2.4,5.5],[4.166,3.533],[5.6,1.666],[3.8,0],[3.4,-0.6],[0,0],[-2,0.4],[-2.967,0.433],[-5.334,0],[-4.234,-1.434],[-2.967,-2.8],[-1.6,-4.166],[0,-5.333],[1.633,-4.266],[2.9,-2.966],[3.966,-1.6],[4.933,0],[3.9,1.367],[2.7,2.434],[1.433,3.434],[0,4.134],[-0.467,2.7],[-0.734,1.567],[-1.034,0.6],[-1.2,0],[-0.634,-0.533],[0,0],[-2,-0.733],[-3.034,-0.7],[-3.934,0],[-3.1,1.267],[-2.134,2.167],[-1.1,2.934],[0,4],[1.1,3.034],[1.966,2.067],[2.766,1.034],[4.466,0],[1.266,1.2],[1.933,0.467],[3.4,0]],"v":[[396.896,-4.8],[403.946,-10.6],[408.446,-20.05],[409.996,-33],[406.696,-49.65],[397.646,-61.8],[383.996,-69.25],[366.896,-71.8],[350.546,-69],[336.396,-60.6],[326.396,-46.65],[322.596,-27.2],[326.196,-7.45],[336.046,6.1],[350.696,13.9],[368.696,16.4],[379.496,15.5],[387.096,13.8],[385.596,4.4],[378.146,5.65],[368.696,6.3],[354.346,4.15],[343.546,-2.2],[336.696,-12.65],[334.296,-27.2],[336.746,-41.6],[343.546,-52.45],[353.846,-59.3],[366.896,-61.7],[380.146,-59.65],[390.046,-53.95],[396.246,-45.15],[398.396,-33.8],[397.696,-23.55],[395.896,-17.15],[393.246,-13.9],[390.096,-13],[387.346,-13.8],[386.396,-16.9],[386.396,-48.3],[378.846,-50.45],[368.396,-51.5],[357.846,-49.6],[349.996,-44.45],[345.146,-36.8],[343.496,-27.3],[345.146,-16.75],[349.746,-9.1],[356.846,-4.45],[365.996,-2.9],[377.096,-6],[381.896,-3.5],[387.696,-2.8]],"c":true},"ix":2},"nm":"@","mn":"ADBE Vector Shape - Group","hd":false},{"ind":1,"ty":"sh","ix":2,"ks":{"a":0,"k":{"i":[[1.066,-0.166],[1.2,0],[1.4,0.7],[0.833,1.2],[0.333,1.634],[0,1.934],[-0.434,1.634],[-0.934,1.2],[-1.534,0.7],[-2.2,0],[-1.334,-0.266],[0,0],[-0.067,-1.033],[-0.134,-0.533]],"o":[[-1.067,0.167],[-2.067,0],[-1.4,-0.7],[-0.834,-1.2],[-0.334,-1.633],[0,-1.933],[0.433,-1.633],[0.933,-1.2],[1.533,-0.7],[1.466,0],[0,0],[0,0.934],[0.066,1.034],[-0.534,0.267]],"v":[[371.196,-14.05],[367.796,-13.8],[362.596,-14.85],[359.246,-17.7],[357.496,-21.95],[356.996,-27.3],[357.646,-32.65],[359.696,-36.9],[363.396,-39.75],[368.996,-40.8],[373.196,-40.4],[373.196,-20],[373.296,-17.05],[373.596,-14.7]],"c":true},"ix":2},"nm":"@","mn":"ADBE Vector Shape - Group","hd":false},{"ty":"mm","mm":1,"nm":"Merge Paths 1","mn":"ADBE Vector Filter - Merge","hd":false},{"ty":"fl","c":{"a":0,"k":[1,1,1,1],"ix":4},"o":{"a":0,"k":100,"ix":5},"r":1,"bm":0,"nm":"Fill 1","mn":"ADBE Vector Graphic - Fill","hd":false},{"ty":"tr","p":{"a":0,"k":[0,0],"ix":2},"a":{"a":0,"k":[0,0],"ix":1},"s":{"a":0,"k":[100,100],"ix":3},"r":{"a":0,"k":0,"ix":6},"o":{"a":0,"k":100,"ix":7},"sk":{"a":0,"k":0,"ix":4},"sa":{"a":0,"k":0,"ix":5},"nm":"Transform"}],"nm":"@","np":5,"cix":2,"bm":0,"ix":1,"mn":"ADBE Vector Group","hd":false}],"ip":35,"op":182,"st":35,"bm":0},{"ddd":0,"ind":7,"ty":4,"nm":"Black Rec","parent":10,"sr":1,"ks":{"o":{"a":0,"k":100,"ix":11},"r":{"a":0,"k":0,"ix":10},"p":{"a":0,"k":[0,199.484,0],"ix":2},"a":{"a":0,"k":[0,154.484,0],"ix":1},"s":{"a":1,"k":[{"i":{"x":[0,0,0],"y":[1,1,1]},"o":{"x":[0.167,0.167,0.167],"y":[0.167,0.167,3.333]},"t":34,"s":[80,80,100]},{"i":{"x":[0.833,0.833,0.833],"y":[1,1,1]},"o":{"x":[0.167,0.167,0.167],"y":[0,0,0]},"t":46,"s":[100,100,100]},{"i":{"x":[0.833,0.833,0.833],"y":[0.833,0.833,4.333]},"o":{"x":[1,1,1],"y":[0,0,0]},"t":172,"s":[100,100,100]},{"t":181,"s":[80,80,100]}],"ix":6}},"ao":0,"shapes":[{"ty":"gr","it":[{"ty":"rc","d":1,"s":{"a":0,"k":[1080,1080],"ix":2},"p":{"a":0,"k":[0,0],"ix":3},"r":{"a":0,"k":0,"ix":4},"nm":"Rectangle Path 1","mn":"ADBE Vector Shape - Rect","hd":false},{"ty":"fl","c":{"a":0,"k":[0,0,0,1],"ix":4},"o":{"a":0,"k":100,"ix":5},"r":1,"bm":0,"nm":"Fill 1","mn":"ADBE Vector Graphic - Fill","hd":false},{"ty":"tr","p":{"a":0,"k":[0,154.484],"ix":2},"a":{"a":0,"k":[0,0],"ix":1},"s":{"a":0,"k":[63.951,20.144],"ix":3},"r":{"a":0,"k":0,"ix":6},"o":{"a":0,"k":100,"ix":7},"sk":{"a":0,"k":0,"ix":4},"sa":{"a":0,"k":0,"ix":5},"nm":"Transform"}],"nm":"Rectangle 1","np":3,"cix":2,"bm":0,"ix":1,"mn":"ADBE Vector Group","hd":false}],"ip":35,"op":182,"st":35,"bm":0},{"ddd":0,"ind":8,"ty":4,"nm":"Mouth","parent":10,"sr":1,"ks":{"o":{"a":0,"k":100,"ix":11},"r":{"a":0,"k":0,"ix":10},"p":{"s":true,"x":{"a":0,"k":0,"ix":3},"y":{"a":1,"k":[{"i":{"x":[0.667],"y":[1]},"o":{"x":[0.333],"y":[0]},"t":4,"s":[164.089]},{"i":{"x":[0.667],"y":[1]},"o":{"x":[0.333],"y":[0]},"t":28,"s":[116.889]},{"i":{"x":[0.667],"y":[1]},"o":{"x":[0.333],"y":[0]},"t":40,"s":[123.089]},{"t":179,"s":[123.089],"h":1},{"t":182,"s":[164.089],"h":1}],"ix":4}},"a":{"a":0,"k":[0,0,0],"ix":1},"s":{"a":1,"k":[{"i":{"x":[0.667,0.667,0.667],"y":[1,1,1]},"o":{"x":[0.333,0.333,0.333],"y":[0,0,0]},"t":4,"s":[100,100,100]},{"i":{"x":[0.667,0.667,0.667],"y":[1,1,1]},"o":{"x":[0.333,0.333,0.333],"y":[0,0,0]},"t":28,"s":[100,74,100]},{"t":40,"s":[100,100,100]}],"ix":6}},"ao":0,"shapes":[{"ty":"gr","it":[{"ind":0,"ty":"sh","ix":1,"ks":{"a":1,"k":[{"i":{"x":0,"y":1},"o":{"x":0.167,"y":0.167},"t":28,"s":[{"i":[[6.486,-18.922],[-29.389,0.056],[-12,-28.155],[42.757,0]],"o":[[11.5,-25.904],[29.117,-0.055],[-5.101,-19.695],[-42.037,0]],"v":[[-92,40.911],[0.765,3.808],[92,40.911],[0,3.55]],"c":true}]},{"i":{"x":0.833,"y":0.833},"o":{"x":0.552,"y":0},"t":40,"s":[{"i":[[6.486,-89.62],[-29.389,0.264],[-37,-19.434],[42.757,0]],"o":[[39,-23.171],[29.117,-0.262],[-5.101,-93.281],[-42.037,0]],"v":[[-92,143.13],[0.765,117.482],[92,143.13],[0,3.55]],"c":true}]},{"i":{"x":0,"y":1},"o":{"x":0.167,"y":0.167},"t":181,"s":[{"i":[[6.486,-89.62],[-29.389,0.264],[-37,-19.434],[42.757,0]],"o":[[39,-23.171],[29.117,-0.262],[-5.101,-93.281],[-42.037,0]],"v":[[-92,143.13],[0.765,117.482],[92,143.13],[0,3.55]],"c":true}]},{"t":201,"s":[{"i":[[6.486,-18.922],[-29.389,0.056],[-12,-28.155],[42.757,0]],"o":[[11.5,-25.904],[29.117,-0.055],[-5.101,-19.695],[-42.037,0]],"v":[[-92,40.911],[0.765,3.808],[92,40.911],[0,3.55]],"c":true}]}],"ix":2},"nm":"Path 1","mn":"ADBE Vector Shape - Group","hd":false},{"ty":"fl","c":{"a":0,"k":[0,0,0,1],"ix":4},"o":{"a":0,"k":100,"ix":5},"r":1,"bm":0,"nm":"Fill 1","mn":"ADBE Vector Graphic - Fill","hd":false},{"ty":"st","c":{"a":0,"k":[0,0,0,1],"ix":3},"o":{"a":0,"k":100,"ix":4},"w":{"a":0,"k":30,"ix":5},"lc":2,"lj":2,"bm":0,"nm":"Stroke 1","mn":"ADBE Vector Graphic - Stroke","hd":false},{"ty":"tr","p":{"a":0,"k":[0,0],"ix":2},"a":{"a":0,"k":[0,0],"ix":1},"s":{"a":0,"k":[100,100],"ix":3},"r":{"a":0,"k":0,"ix":6},"o":{"a":0,"k":100,"ix":7},"sk":{"a":0,"k":0,"ix":4},"sa":{"a":0,"k":0,"ix":5},"nm":"Transform"}],"nm":"Ellipse 1","np":3,"cix":2,"bm":0,"ix":1,"mn":"ADBE Vector Group","hd":false}],"ip":-4,"op":372,"st":17,"bm":0},{"ddd":0,"ind":9,"ty":3,"nm":"Head Shake - Null","parent":17,"sr":1,"ks":{"o":{"a":0,"k":100,"ix":11},"r":{"a":0,"k":0,"ix":10},"p":{"s":true,"x":{"a":1,"k":[{"i":{"x":[0.667],"y":[1]},"o":{"x":[0.333],"y":[0]},"t":208,"s":[540]},{"i":{"x":[0.667],"y":[1]},"o":{"x":[0.333],"y":[0]},"t":222.488,"s":[560]},{"i":{"x":[0.667],"y":[1]},"o":{"x":[0.333],"y":[0]},"t":236.482,"s":[520]},{"i":{"x":[0.667],"y":[1]},"o":{"x":[0.333],"y":[0]},"t":251.012,"s":[550]},{"i":{"x":[0.667],"y":[1]},"o":{"x":[0.333],"y":[0]},"t":265.008,"s":[535]},{"i":{"x":[0.667],"y":[1]},"o":{"x":[0.333],"y":[0]},"t":279.004,"s":[542.5]},{"t":293,"s":[540]}],"ix":3},"y":{"a":0,"k":539.9,"ix":4}},"a":{"a":0,"k":[540,540,0],"ix":1},"s":{"a":0,"k":[100,100,100],"ix":6}},"ao":0,"ip":4,"op":372,"st":4,"bm":0},{"ddd":0,"ind":10,"ty":3,"nm":"Face - Null","parent":9,"sr":1,"ks":{"o":{"a":0,"k":0,"ix":11},"r":{"a":0,"k":0,"ix":10},"p":{"s":true,"x":{"a":0,"k":540,"ix":3},"y":{"a":1,"k":[{"i":{"x":[0.667],"y":[1]},"o":{"x":[0.333],"y":[0]},"t":4,"s":[528]},{"i":{"x":[0.667],"y":[1]},"o":{"x":[0.333],"y":[0]},"t":28,"s":[403]},{"i":{"x":[0.667],"y":[1]},"o":{"x":[0.333],"y":[0]},"t":40,"s":[575.2]},{"i":{"x":[0.667],"y":[1]},"o":{"x":[0.333],"y":[0]},"t":51,"s":[507.1]},{"i":{"x":[0.266],"y":[1]},"o":{"x":[0.789],"y":[0]},"t":62,"s":[528]},{"i":{"x":[0.266],"y":[1]},"o":{"x":[0.583],"y":[0]},"t":100,"s":[486]},{"i":{"x":[0.271],"y":[1]},"o":{"x":[0.583],"y":[0]},"t":118,"s":[486]},{"i":{"x":[0.088],"y":[1]},"o":{"x":[0.726],"y":[0]},"t":164,"s":[532.338]},{"i":{"x":[0.394],"y":[1]},"o":{"x":[0.424],"y":[0]},"t":208,"s":[440.497]},{"t":258,"s":[528]}],"ix":4}},"a":{"a":0,"k":[0,0,0],"ix":1},"s":{"a":1,"k":[{"i":{"x":[0.667,0.667,0.667],"y":[1,1,1]},"o":{"x":[0.333,0.333,0.333],"y":[0,0,0]},"t":4,"s":[100,100,100]},{"i":{"x":[0.667,0.667,0.667],"y":[1,1,1]},"o":{"x":[0.333,0.333,0.333],"y":[0,0,0]},"t":28,"s":[100,95,100]},{"t":40,"s":[100,100,100]}],"ix":6}},"ao":0,"ip":0,"op":372,"st":17,"bm":0},{"ddd":0,"ind":11,"ty":4,"nm":"R_Eyebrow ","parent":14,"sr":1,"ks":{"o":{"a":0,"k":100,"ix":11},"r":{"a":0,"k":0,"ix":10},"p":{"a":0,"k":[0,0,0],"ix":2},"a":{"a":0,"k":[0,0,0],"ix":1},"s":{"a":0,"k":[-100,100,100],"ix":6}},"ao":0,"shapes":[{"ty":"gr","it":[{"ind":0,"ty":"sh","ix":1,"ks":{"a":1,"k":[{"i":{"x":0.667,"y":1},"o":{"x":0.167,"y":0},"t":10,"s":[{"i":[[58.384,62.9],[0,0]],"o":[[-50.68,-54.6],[0,0]],"v":[[-84.08,-115.026],[-195.064,-169.146]],"c":false}]},{"i":{"x":0.667,"y":1},"o":{"x":0.333,"y":0},"t":26,"s":[{"i":[[80.906,-28.623],[0,0]],"o":[[-69.189,24.478],[0,0]],"v":[[-66,-100],[-173,-156]],"c":false}]},{"i":{"x":0.667,"y":1},"o":{"x":0.333,"y":0},"t":35,"s":[{"i":[[85.779,2.664],[0,0]],"o":[[-81.189,-2.522],[0,0]],"v":[[-70,-96],[-186,-145]],"c":false}]},{"t":41,"s":[{"i":[[58.384,62.9],[0,0]],"o":[[-50.68,-54.6],[0,0]],"v":[[-84.08,-115.026],[-195.064,-169.146]],"c":false}]}],"ix":2},"nm":"Path 1","mn":"ADBE Vector Shape - Group","hd":false},{"ty":"st","c":{"a":0,"k":[0,0,0,1],"ix":3},"o":{"a":0,"k":100,"ix":4},"w":{"a":0,"k":30,"ix":5},"lc":2,"lj":2,"bm":0,"nm":"Stroke 1","mn":"ADBE Vector Graphic - Stroke","hd":false},{"ty":"tr","p":{"a":0,"k":[0,0],"ix":2},"a":{"a":0,"k":[0,0],"ix":1},"s":{"a":0,"k":[100,100],"ix":3},"r":{"a":0,"k":0,"ix":6},"o":{"a":0,"k":100,"ix":7},"sk":{"a":0,"k":0,"ix":4},"sa":{"a":0,"k":0,"ix":5},"nm":"Transform"}],"nm":"Shape 1","np":3,"cix":2,"bm":0,"ix":1,"mn":"ADBE Vector Group","hd":false}],"ip":-4,"op":3619,"st":15,"bm":0},{"ddd":0,"ind":12,"ty":4,"nm":"R_Eye_Closed ","parent":10,"sr":1,"ks":{"o":{"a":0,"k":100,"ix":11},"r":{"a":0,"k":0,"ix":10},"p":{"a":0,"k":[120.375,0.25,0],"ix":2},"a":{"a":0,"k":[-107.875,88.25,0],"ix":1},"s":{"a":0,"k":[-100,100,100],"ix":6}},"ao":0,"shapes":[{"ty":"gr","it":[{"ind":0,"ty":"sh","ix":1,"ks":{"a":0,"k":{"i":[[0,0],[0,0]],"o":[[0,0],[0,0]],"v":[[-145,88.476],[-70.75,88.024]],"c":false},"ix":2},"nm":"Path 1","mn":"ADBE Vector Shape - Group","hd":false},{"ty":"st","c":{"a":0,"k":[0,0,0,1],"ix":3},"o":{"a":0,"k":100,"ix":4},"w":{"a":0,"k":17,"ix":5},"lc":2,"lj":1,"ml":4,"bm":0,"nm":"Stroke 1","mn":"ADBE Vector Graphic - Stroke","hd":false},{"ty":"fl","c":{"a":0,"k":[0.868290441176,0.300137418859,0.300137418859,1],"ix":4},"o":{"a":0,"k":100,"ix":5},"r":1,"bm":0,"nm":"Fill 1","mn":"ADBE Vector Graphic - Fill","hd":false},{"ty":"tr","p":{"a":0,"k":[0,0],"ix":2},"a":{"a":0,"k":[0,0],"ix":1},"s":{"a":0,"k":[100,100],"ix":3},"r":{"a":0,"k":0,"ix":6},"o":{"a":0,"k":100,"ix":7},"sk":{"a":0,"k":0,"ix":4},"sa":{"a":0,"k":0,"ix":5},"nm":"Transform"}],"nm":"Shape 1","np":3,"cix":2,"bm":0,"ix":1,"mn":"ADBE Vector Group","hd":false}],"ip":24,"op":36,"st":20,"bm":0},{"ddd":0,"ind":13,"ty":4,"nm":"R_Eye","parent":10,"sr":1,"ks":{"o":{"a":0,"k":100,"ix":11},"r":{"a":0,"k":0,"ix":10},"p":{"a":0,"k":[121,0,0],"ix":2},"a":{"a":0,"k":[0,0,0],"ix":1},"s":{"a":1,"k":[{"i":{"x":[0.19,0.19,0.19],"y":[1,1,1]},"o":{"x":[0.333,0.333,0.333],"y":[0,0,0]},"t":10,"s":[122,190,100]},{"i":{"x":[0.19,0.19,0.19],"y":[1,1,1]},"o":{"x":[0.333,0.333,0.333],"y":[0,0,0]},"t":26,"s":[154.5,25.2,100]},{"i":{"x":[0.19,0.19,0.19],"y":[1,1,1]},"o":{"x":[0.333,0.333,0.333],"y":[0,0,0]},"t":35,"s":[154.5,25.2,100]},{"i":{"x":[0.833,0.833,0.833],"y":[1,1,1]},"o":{"x":[0.167,0.167,0.167],"y":[0,0,0]},"t":40,"s":[117.2,206.9,100]},{"t":45,"s":[122,190,100]}],"ix":6}},"ao":0,"shapes":[{"ty":"gr","it":[{"d":1,"ty":"el","s":{"a":0,"k":[51,51],"ix":2},"p":{"a":0,"k":[0,0],"ix":3},"nm":"Ellipse Path 1","mn":"ADBE Vector Shape - Ellipse","hd":false},{"ty":"fl","c":{"a":0,"k":[0,0,0,1],"ix":4},"o":{"a":0,"k":100,"ix":5},"r":1,"bm":0,"nm":"Fill 1","mn":"ADBE Vector Graphic - Fill","hd":false},{"ty":"tr","p":{"a":0,"k":[0,0],"ix":2},"a":{"a":0,"k":[0,0],"ix":1},"s":{"a":0,"k":[100,100],"ix":3},"r":{"a":0,"k":0,"ix":6},"o":{"a":0,"k":100,"ix":7},"sk":{"a":0,"k":0,"ix":4},"sa":{"a":0,"k":0,"ix":5},"nm":"Transform"}],"nm":"Ellipse 1","np":2,"cix":2,"bm":0,"ix":1,"mn":"ADBE Vector Group","hd":false}],"ip":-25,"op":372,"st":20,"bm":0},{"ddd":0,"ind":14,"ty":4,"nm":"L_Eyebrow","parent":10,"sr":1,"ks":{"o":{"a":0,"k":100,"ix":11},"r":{"a":0,"k":0,"ix":10},"p":{"a":0,"k":[0,89.444,0],"ix":2},"a":{"a":0,"k":[0,0,0],"ix":1},"s":{"a":0,"k":[100,100,100],"ix":6}},"ao":0,"shapes":[{"ty":"gr","it":[{"ind":0,"ty":"sh","ix":1,"ks":{"a":1,"k":[{"i":{"x":0.667,"y":1},"o":{"x":0.167,"y":0},"t":10,"s":[{"i":[[58.384,62.9],[0,0]],"o":[[-50.68,-54.6],[0,0]],"v":[[-84.08,-115.026],[-195.064,-169.146]],"c":false}]},{"i":{"x":0.667,"y":1},"o":{"x":0.333,"y":0},"t":26,"s":[{"i":[[80.906,-28.623],[0,0]],"o":[[-69.189,24.478],[0,0]],"v":[[-66,-100],[-173,-156]],"c":false}]},{"i":{"x":0.667,"y":1},"o":{"x":0.333,"y":0},"t":35,"s":[{"i":[[85.779,2.664],[0,0]],"o":[[-81.189,-2.522],[0,0]],"v":[[-70,-96],[-186,-145]],"c":false}]},{"t":41,"s":[{"i":[[58.384,62.9],[0,0]],"o":[[-50.68,-54.6],[0,0]],"v":[[-84.08,-115.026],[-195.064,-169.146]],"c":false}]}],"ix":2},"nm":"Path 1","mn":"ADBE Vector Shape - Group","hd":false},{"ty":"st","c":{"a":0,"k":[0,0,0,1],"ix":3},"o":{"a":0,"k":100,"ix":4},"w":{"a":0,"k":30,"ix":5},"lc":2,"lj":2,"bm":0,"nm":"Stroke 1","mn":"ADBE Vector Graphic - Stroke","hd":false},{"ty":"tr","p":{"a":0,"k":[0,0],"ix":2},"a":{"a":0,"k":[0,0],"ix":1},"s":{"a":0,"k":[100,100],"ix":3},"r":{"a":0,"k":0,"ix":6},"o":{"a":0,"k":100,"ix":7},"sk":{"a":0,"k":0,"ix":4},"sa":{"a":0,"k":0,"ix":5},"nm":"Transform"}],"nm":"Shape 1","np":3,"cix":2,"bm":0,"ix":1,"mn":"ADBE Vector Group","hd":false}],"ip":-4,"op":372,"st":15,"bm":0},{"ddd":0,"ind":15,"ty":4,"nm":"L_Eye_Closed","parent":10,"sr":1,"ks":{"o":{"a":0,"k":100,"ix":11},"r":{"a":0,"k":0,"ix":10},"p":{"a":0,"k":[-120.375,0.25,0],"ix":2},"a":{"a":0,"k":[-107.875,88.25,0],"ix":1},"s":{"a":0,"k":[100,100,100],"ix":6}},"ao":0,"shapes":[{"ty":"gr","it":[{"ind":0,"ty":"sh","ix":1,"ks":{"a":0,"k":{"i":[[0,0],[0,0]],"o":[[0,0],[0,0]],"v":[[-145,88.476],[-70.75,88.024]],"c":false},"ix":2},"nm":"Path 1","mn":"ADBE Vector Shape - Group","hd":false},{"ty":"st","c":{"a":0,"k":[0,0,0,1],"ix":3},"o":{"a":0,"k":100,"ix":4},"w":{"a":0,"k":17,"ix":5},"lc":2,"lj":1,"ml":4,"bm":0,"nm":"Stroke 1","mn":"ADBE Vector Graphic - Stroke","hd":false},{"ty":"fl","c":{"a":0,"k":[0.868290441176,0.300137418859,0.300137418859,1],"ix":4},"o":{"a":0,"k":100,"ix":5},"r":1,"bm":0,"nm":"Fill 1","mn":"ADBE Vector Graphic - Fill","hd":false},{"ty":"tr","p":{"a":0,"k":[0,0],"ix":2},"a":{"a":0,"k":[0,0],"ix":1},"s":{"a":0,"k":[100,100],"ix":3},"r":{"a":0,"k":0,"ix":6},"o":{"a":0,"k":100,"ix":7},"sk":{"a":0,"k":0,"ix":4},"sa":{"a":0,"k":0,"ix":5},"nm":"Transform"}],"nm":"Shape 1","np":3,"cix":2,"bm":0,"ix":1,"mn":"ADBE Vector Group","hd":false}],"ip":24,"op":36,"st":20,"bm":0},{"ddd":0,"ind":16,"ty":4,"nm":"L_Eye","parent":10,"sr":1,"ks":{"o":{"a":0,"k":100,"ix":11},"r":{"a":0,"k":0,"ix":10},"p":{"a":0,"k":[-121,0,0],"ix":2},"a":{"a":0,"k":[0,0,0],"ix":1},"s":{"a":1,"k":[{"i":{"x":[0.19,0.19,0.19],"y":[1,1,1]},"o":{"x":[0.333,0.333,0.333],"y":[0,0,0]},"t":10,"s":[122,190,100]},{"i":{"x":[0.19,0.19,0.19],"y":[1,1,1]},"o":{"x":[0.333,0.333,0.333],"y":[0,0,0]},"t":26,"s":[154.5,25.2,100]},{"i":{"x":[0.19,0.19,0.19],"y":[1,1,1]},"o":{"x":[0.333,0.333,0.333],"y":[0,0,0]},"t":35,"s":[154.5,25.2,100]},{"i":{"x":[0.833,0.833,0.833],"y":[1,1,1]},"o":{"x":[0.167,0.167,0.167],"y":[0,0,0]},"t":40,"s":[117.2,206.9,100]},{"t":45,"s":[122,190,100]}],"ix":6}},"ao":0,"shapes":[{"ty":"gr","it":[{"d":1,"ty":"el","s":{"a":0,"k":[51,51],"ix":2},"p":{"a":0,"k":[0,0],"ix":3},"nm":"Ellipse Path 1","mn":"ADBE Vector Shape - Ellipse","hd":false},{"ty":"fl","c":{"a":0,"k":[0,0,0,1],"ix":4},"o":{"a":0,"k":100,"ix":5},"r":1,"bm":0,"nm":"Fill 1","mn":"ADBE Vector Graphic - Fill","hd":false},{"ty":"tr","p":{"a":0,"k":[0,0],"ix":2},"a":{"a":0,"k":[0,0],"ix":1},"s":{"a":0,"k":[100,100],"ix":3},"r":{"a":0,"k":0,"ix":6},"o":{"a":0,"k":100,"ix":7},"sk":{"a":0,"k":0,"ix":4},"sa":{"a":0,"k":0,"ix":5},"nm":"Transform"}],"nm":"Ellipse 1","np":2,"cix":2,"bm":0,"ix":1,"mn":"ADBE Vector Group","hd":false}],"ip":-25,"op":372,"st":20,"bm":0},{"ddd":0,"ind":17,"ty":0,"nm":"RED HEAD_GLOBAL PRECOMP","refId":"comp_0","sr":1,"ks":{"o":{"a":0,"k":100,"ix":11},"r":{"a":1,"k":[{"i":{"x":[0],"y":[1]},"o":{"x":[0.497],"y":[0]},"t":68,"s":[0]},{"i":{"x":[0],"y":[1]},"o":{"x":[0.607],"y":[0]},"t":114,"s":[-4.7]},{"i":{"x":[0.014],"y":[1]},"o":{"x":[0.285],"y":[0]},"t":179,"s":[5]},{"t":258,"s":[0]}],"ix":10},"p":{"s":true,"x":{"a":0,"k":540,"ix":3},"y":{"a":1,"k":[{"i":{"x":[0.28],"y":[1]},"o":{"x":[0.594],"y":[0]},"t":2,"s":[627]},{"i":{"x":[0.667],"y":[1]},"o":{"x":[0.841],"y":[0]},"t":26,"s":[559.6]},{"i":{"x":[0.667],"y":[1]},"o":{"x":[0.333],"y":[0]},"t":38,"s":[656.681]},{"i":{"x":[0.667],"y":[1]},"o":{"x":[0.333],"y":[0]},"t":49,"s":[611.1]},{"t":60,"s":[627]}],"ix":4}},"a":{"a":0,"k":[540,626.9,0],"ix":1},"s":{"a":1,"k":[{"i":{"x":[0.28,0.28,0.28],"y":[1,1,1]},"o":{"x":[0.594,0.594,0.594],"y":[0,0,0]},"t":2,"s":[100,100,100]},{"i":{"x":[0.667,0.667,0.667],"y":[1,1,1]},"o":{"x":[0.841,0.841,0.841],"y":[0,0,0]},"t":26,"s":[90,90,100]},{"i":{"x":[0.667,0.667,0.667],"y":[1,1,1]},"o":{"x":[0.333,0.333,0.333],"y":[0,0,0]},"t":38,"s":[105,105,100]},{"i":{"x":[0.667,0.667,0.667],"y":[1,1,1]},"o":{"x":[0.333,0.333,0.333],"y":[0,0,0]},"t":49,"s":[97.5,97.5,100]},{"i":{"x":[0.629,0.629,0.629],"y":[1,1,1]},"o":{"x":[0.158,0.158,0.158],"y":[0,0,0]},"t":60,"s":[100,100,100]},{"i":{"x":[0,0,0.814],"y":[1,1,1]},"o":{"x":[0.292,0.292,0.437],"y":[0,0,0]},"t":68,"s":[100,100,100]},{"i":{"x":[0,0,0.814],"y":[1,1,1]},"o":{"x":[0.62,0.62,0.167],"y":[0,0,0]},"t":114,"s":[110,110,100]},{"i":{"x":[0.287,0.287,0.833],"y":[1,1,1]},"o":{"x":[0.62,0.62,0.167],"y":[0,0,0]},"t":179,"s":[110,110,100]},{"t":258,"s":[100,100,100]}],"ix":6}},"ao":0,"w":1080,"h":1080,"ip":0,"op":3604,"st":0,"bm":10}],"markers":[{"tm":294,"cm":"LOOP","dr":0}]}