{"v":"5.6.10","fr":60,"ip":0,"op":142,"w":1080,"h":1080,"nm":"Heart Eyes_MAIN","ddd":0,"assets":[{"id":"comp_0","layers":[{"ddd":0,"ind":1,"ty":4,"nm":"Heart_V1","sr":1,"ks":{"o":{"a":0,"k":100,"ix":11},"r":{"a":1,"k":[{"i":{"x":[0.369],"y":[1]},"o":{"x":[0.333],"y":[0]},"t":8,"s":[0]},{"i":{"x":[0.37],"y":[1]},"o":{"x":[0.333],"y":[0]},"t":21,"s":[8]},{"i":{"x":[0.37],"y":[1]},"o":{"x":[0.506],"y":[0]},"t":35,"s":[-4]},{"i":{"x":[0.37],"y":[1]},"o":{"x":[0.462],"y":[0]},"t":51,"s":[2]},{"t":68,"s":[0]}],"ix":10},"p":{"a":0,"k":[249.394,252.004,0],"ix":2},"a":{"a":0,"k":[-0.75,-100.166,0],"ix":1},"s":{"a":1,"k":[{"i":{"x":[0.369,0.369,0.833],"y":[1,1,1]},"o":{"x":[0.333,0.333,0.333],"y":[0,0,0]},"t":3,"s":[79.962,79.962,100]},{"i":{"x":[0.37,0.37,0.37],"y":[1,1,1]},"o":{"x":[0.333,0.333,0.333],"y":[0,0,0]},"t":16,"s":[50,50,100]},{"i":{"x":[0.37,0.37,0.37],"y":[1,1,1]},"o":{"x":[0.506,0.506,0.333],"y":[0,0,0]},"t":30,"s":[90,90,100]},{"i":{"x":[0.37,0.37,0.37],"y":[1,1,1]},"o":{"x":[0.462,0.462,0.333],"y":[0,0,0]},"t":46,"s":[74.101,74.101,100]},{"i":{"x":[0.37,0.37,0.37],"y":[1,1,1]},"o":{"x":[0.167,0.167,0.167],"y":[0,0,0]},"t":63.189,"s":[81.862,81.862,100]},{"i":{"x":[0.37,0.37,0.37],"y":[1,1,1]},"o":{"x":[0.167,0.167,0.167],"y":[0,0,0]},"t":81,"s":[79.962,79.962,100]},{"i":{"x":[0.37,0.37,0.37],"y":[1,1,1]},"o":{"x":[0.167,0.167,0.167],"y":[0,0,0]},"t":83,"s":[79.962,79.962,100]},{"i":{"x":[0.37,0.37,0.37],"y":[1,1,1]},"o":{"x":[0.506,0.506,0.333],"y":[0,0,0]},"t":94.816,"s":[88.474,88.474,100]},{"i":{"x":[0.37,0.37,0.37],"y":[1,1,1]},"o":{"x":[0.462,0.462,0.333],"y":[0,0,0]},"t":106.635,"s":[75.588,75.588,100]},{"i":{"x":[0.37,0.37,0.37],"y":[1,1,1]},"o":{"x":[0.167,0.167,0.167],"y":[0,0,0]},"t":119.633,"s":[81.055,81.055,100]},{"t":132.6328125,"s":[79.962,79.962,100]}],"ix":6}},"ao":0,"shapes":[{"ty":"gr","it":[{"ind":0,"ty":"sh","ix":1,"ks":{"a":1,"k":[{"i":{"x":0.37,"y":1},"o":{"x":0.333,"y":0},"t":16,"s":[{"i":[[16,-55.5],[0,-138.449],[0,0],[0,140.907]],"o":[[-17,-54.5],[0,138.133],[0,0],[0,-137.963]],"v":[[1.5,-238.5],[-199.5,-165.906],[1.75,76.75],[198,-166.877]],"c":true}]},{"i":{"x":0.37,"y":1},"o":{"x":0.506,"y":0},"t":30,"s":[{"i":[[27.318,-50.516],[0,-152.666],[0,0],[0,155.377]],"o":[[-28.147,-53.318],[0,152.318],[0,0],[0,-152.131]],"v":[[1.745,-254.149],[-210.455,-151.639],[1.75,76.75],[208.955,-152.71]],"c":true}]},{"i":{"x":0.37,"y":1},"o":{"x":0.167,"y":0},"t":46,"s":[{"i":[[16,-55.5],[0,-138.449],[0,0],[0,140.907]],"o":[[-17,-54.5],[0,138.133],[0,0],[0,-137.963]],"v":[[1.5,-238.5],[-199.5,-165.906],[1.75,76.75],[198,-166.877]],"c":true}]},{"t":63.189453125,"s":[{"i":[[16,-55.5],[0,-138.449],[0,0],[0,140.907]],"o":[[-17,-54.5],[0,138.133],[0,0],[0,-137.963]],"v":[[1.5,-238.5],[-199.5,-165.906],[1.75,76.75],[198,-166.877]],"c":true}]}],"ix":2},"nm":"Path 1","mn":"ADBE Vector Shape - Group","hd":false},{"ty":"fl","c":{"a":0,"k":[0.810401348039,0.147679766487,0.147679766487,1],"ix":4},"o":{"a":0,"k":100,"ix":5},"r":1,"bm":0,"nm":"Fill 1","mn":"ADBE Vector Graphic - Fill","hd":false},{"ty":"tr","p":{"a":0,"k":[0,0],"ix":2},"a":{"a":0,"k":[0,0],"ix":1},"s":{"a":0,"k":[100,100],"ix":3},"r":{"a":0,"k":0,"ix":6},"o":{"a":0,"k":100,"ix":7},"sk":{"a":0,"k":0,"ix":4},"sa":{"a":0,"k":0,"ix":5},"nm":"Transform"}],"nm":"Shape 1","np":2,"cix":2,"bm":0,"ix":1,"mn":"ADBE Vector Group","hd":false}],"ip":0,"op":712,"st":0,"bm":0}]},{"id":"comp_1","layers":[{"ddd":0,"ind":1,"ty":4,"nm":"Tongue","sr":1,"ks":{"o":{"a":0,"k":100,"ix":11},"r":{"a":0,"k":0,"ix":10},"p":{"a":0,"k":[540,563.908,0],"ix":2},"a":{"a":0,"k":[0,0,0],"ix":1},"s":{"a":0,"k":[99.962,99.962,100],"ix":6}},"ao":0,"shapes":[{"ty":"gr","it":[{"d":1,"ty":"el","s":{"a":0,"k":[995.6,995.6],"ix":2},"p":{"a":0,"k":[0,0],"ix":3},"nm":"Ellipse Path 1","mn":"ADBE Vector Shape - Ellipse","hd":false},{"ty":"fl","c":{"a":0,"k":[0.749019607843,0.203921568627,0.203921568627,1],"ix":4},"o":{"a":0,"k":100,"ix":5},"r":1,"bm":0,"nm":"Fill 1","mn":"ADBE Vector Graphic - Fill","hd":false},{"ty":"tr","p":{"a":0,"k":[-0.594,284.42],"ix":2},"a":{"a":0,"k":[0,-21.5],"ix":1},"s":{"a":0,"k":[59.237,28.923],"ix":3},"r":{"a":0,"k":0,"ix":6},"o":{"a":0,"k":100,"ix":7},"sk":{"a":0,"k":0,"ix":4},"sa":{"a":0,"k":0,"ix":5},"nm":"Transform"}],"nm":"Ellipse 1","np":2,"cix":2,"bm":0,"ix":1,"mn":"ADBE Vector Group","hd":false}],"ip":-1,"op":714,"st":2,"bm":0},{"ddd":0,"ind":2,"ty":4,"nm":"Teeth","sr":1,"ks":{"o":{"a":0,"k":100,"ix":11},"r":{"a":0,"k":0,"ix":10},"p":{"a":0,"k":[540,525.423,0],"ix":2},"a":{"a":0,"k":[0,0,0],"ix":1},"s":{"a":0,"k":[99.962,80.269,100],"ix":6}},"ao":0,"shapes":[{"ty":"gr","it":[{"d":1,"ty":"el","s":{"a":0,"k":[1080,1080],"ix":2},"p":{"a":0,"k":[0,0],"ix":3},"nm":"Ellipse Path 1","mn":"ADBE Vector Shape - Ellipse","hd":false},{"ty":"fl","c":{"a":0,"k":[1,1,1,1],"ix":4},"o":{"a":0,"k":100,"ix":5},"r":1,"bm":0,"nm":"Fill 1","mn":"ADBE Vector Graphic - Fill","hd":false},{"ty":"tr","p":{"a":0,"k":[0,-117.766],"ix":2},"a":{"a":0,"k":[0,0],"ix":1},"s":{"a":0,"k":[100,28.923],"ix":3},"r":{"a":0,"k":0,"ix":6},"o":{"a":0,"k":100,"ix":7},"sk":{"a":0,"k":0,"ix":4},"sa":{"a":0,"k":0,"ix":5},"nm":"Transform"}],"nm":"Ellipse 1","np":2,"cix":2,"bm":0,"ix":2,"mn":"ADBE Vector Group","hd":false}],"ip":-1,"op":714,"st":2,"bm":0}]},{"id":"comp_2","layers":[{"ddd":0,"ind":1,"ty":4,"nm":"FLAT","sr":1,"ks":{"o":{"a":0,"k":100,"ix":11},"r":{"a":0,"k":0,"ix":10},"p":{"a":0,"k":[540,540,0],"ix":2},"a":{"a":0,"k":[0,0,0],"ix":1},"s":{"a":0,"k":[100,100,100],"ix":6}},"ao":0,"shapes":[{"ty":"gr","it":[{"d":1,"ty":"el","s":{"a":0,"k":[770,770],"ix":2},"p":{"a":0,"k":[0,0],"ix":3},"nm":"Ellipse Path 1","mn":"ADBE Vector Shape - Ellipse","hd":false},{"ty":"fl","c":{"a":0,"k":[1,0.724767288507,0.105575980392,1],"ix":4},"o":{"a":0,"k":100,"ix":5},"r":1,"bm":0,"nm":"Fill 1","mn":"ADBE Vector Graphic - Fill","hd":false},{"ty":"tr","p":{"a":0,"k":[0,0],"ix":2},"a":{"a":0,"k":[0,0],"ix":1},"s":{"a":0,"k":[100,100],"ix":3},"r":{"a":0,"k":0,"ix":6},"o":{"a":0,"k":100,"ix":7},"sk":{"a":0,"k":0,"ix":4},"sa":{"a":0,"k":0,"ix":5},"nm":"Transform"}],"nm":"Ellipse 1","np":2,"cix":2,"bm":0,"ix":1,"mn":"ADBE Vector Group","hd":false}],"ip":0,"op":3604,"st":0,"bm":0}]}],"layers":[{"ddd":0,"ind":1,"ty":3,"nm":"FACE NULL","parent":6,"sr":1,"ks":{"o":{"a":0,"k":0,"ix":11},"r":{"a":0,"k":0,"ix":10},"p":{"a":1,"k":[{"i":{"x":0.061,"y":1},"o":{"x":0.333,"y":0},"t":2,"s":[540,561.9,0],"to":[0,44.333,0],"ti":[0,0.65,0]},{"i":{"x":0.667,"y":1},"o":{"x":0.333,"y":0},"t":15,"s":[540,827.9,0],"to":[0,-0.65,0],"ti":[0,35.983,0]},{"i":{"x":0.667,"y":1},"o":{"x":0.167,"y":0},"t":28,"s":[540,557.998,0],"to":[0,-35.983,0],"ti":[0,-9,0]},{"i":{"x":0.667,"y":0.667},"o":{"x":0.328,"y":0.328},"t":45,"s":[540,612,0],"to":[0,0,0],"ti":[0,0,0]},{"i":{"x":0.109,"y":1},"o":{"x":0.638,"y":0},"t":57,"s":[540,612,0],"to":[0,-8.35,0],"ti":[0,8.35,0]},{"t":141,"s":[540,561.9,0]}],"ix":2},"a":{"a":0,"k":[0,0,0],"ix":1},"s":{"a":0,"k":[100,100,100],"ix":6}},"ao":0,"ip":-1,"op":714,"st":2,"bm":0},{"ddd":0,"ind":2,"ty":0,"nm":"Heart_PRECOMP","parent":1,"refId":"comp_0","sr":1,"ks":{"o":{"a":0,"k":100,"ix":11},"r":{"a":0,"k":14.694,"ix":10},"p":{"a":1,"k":[{"i":{"x":0.061,"y":1},"o":{"x":0.333,"y":0},"t":2,"s":[179,-193,0],"to":[-8.7,-2.833,0],"ti":[0,0,0]},{"i":{"x":0.667,"y":1},"o":{"x":0.333,"y":0},"t":15,"s":[126.8,-210,0],"to":[0,0,0],"ti":[-8.7,-2.833,0]},{"t":30.076171875,"s":[179,-193,0]}],"ix":2},"a":{"a":0,"k":[250,250,0],"ix":1},"s":{"a":0,"k":[-103.191,103.191,100],"ix":6}},"ao":0,"tm":{"a":1,"k":[{"i":{"x":[0.833],"y":[0.833]},"o":{"x":[0.167],"y":[0.167]},"t":2,"s":[0]},{"t":714,"s":[11.867]}],"ix":2},"w":500,"h":500,"ip":-1,"op":714,"st":2,"bm":0},{"ddd":0,"ind":3,"ty":0,"nm":"Heart_PRECOMP","parent":1,"refId":"comp_0","sr":1,"ks":{"o":{"a":0,"k":100,"ix":11},"r":{"a":0,"k":-9.268,"ix":10},"p":{"a":1,"k":[{"i":{"x":0.061,"y":1},"o":{"x":0.333,"y":0},"t":2,"s":[-194,-195,0],"to":[11.767,-2.833,0],"ti":[0,0,0]},{"i":{"x":0.667,"y":1},"o":{"x":0.333,"y":0},"t":15,"s":[-123.4,-212,0],"to":[0,0,0],"ti":[11.767,-2.833,0]},{"t":30.076171875,"s":[-194,-195,0]}],"ix":2},"a":{"a":0,"k":[250,250,0],"ix":1},"s":{"a":0,"k":[103.191,103.191,100],"ix":6}},"ao":0,"tm":{"a":1,"k":[{"i":{"x":[0.833],"y":[0.833]},"o":{"x":[0.167],"y":[0.167]},"t":2,"s":[0]},{"t":714,"s":[11.867]}],"ix":2},"w":500,"h":500,"ip":-1,"op":714,"st":2,"bm":0},{"ddd":0,"ind":4,"ty":0,"nm":"Teeth / Tongue_PRECOMP","parent":5,"refId":"comp_1","sr":1,"ks":{"o":{"a":0,"k":100,"ix":11},"r":{"a":0,"k":0,"ix":10},"p":{"a":0,"k":[0,0,0],"ix":2},"a":{"a":0,"k":[540,540,0],"ix":1},"s":{"a":0,"k":[100.038,100.038,100],"ix":6}},"ao":0,"hasMask":true,"masksProperties":[{"inv":false,"mode":"a","pt":{"a":1,"k":[{"i":{"x":0.31,"y":1},"o":{"x":0.167,"y":0.167},"t":2,"s":[{"i":[[0,59.395],[114.962,0],[49.615,-22.86],[-229.924,0]],"o":[[-56.387,-18.053],[-114.996,0],[0,60.638],[232.344,0]],"v":[[835.824,557.485],[541.056,518.376],[245.772,557.452],[543.779,789.204]],"c":true}]},{"i":{"x":0,"y":1},"o":{"x":0.088,"y":0},"t":15,"s":[{"i":[[0.076,10.373],[8.278,0],[-0.06,-8.291],[-10.505,-0.001]],"o":[[-0.06,-8.277],[-8.291,0],[0.076,10.504],[10.374,0.001]],"v":[[558.608,648.979],[540.835,641.434],[523.028,648.976],[541.064,664.113]],"c":true}]},{"i":{"x":0,"y":1},"o":{"x":0.312,"y":0},"t":47,"s":[{"i":[[0,52.284],[101.198,0],[43.675,-20.124],[-202.397,0]],"o":[[-49.637,-15.892],[-101.229,0],[0,53.378],[204.527,0]],"v":[[800.503,568.96],[540.875,532.681],[281.093,568.931],[543.422,772.937]],"c":true}]},{"i":{"x":0,"y":0.391},"o":{"x":0.341,"y":0},"t":74,"s":[{"i":[[0,52.284],[101.198,0],[43.675,-20.124],[-202.397,0]],"o":[[-49.637,-15.892],[-101.229,0],[0,53.378],[204.527,0]],"v":[[800.503,568.96],[539.511,532.669],[281.093,568.931],[543.422,772.937]],"c":true}]},{"i":{"x":0.833,"y":0.833},"o":{"x":0.572,"y":0.348},"t":131,"s":[{"i":[[0,58.562],[113.349,0],[48.919,-22.54],[-226.698,0]],"o":[[-55.596,-17.8],[-113.383,0],[0,59.787],[229.084,0]],"v":[[831.685,558.826],[541.081,518.438],[249.911,558.793],[543.737,787.294]],"c":true}]},{"i":{"x":0.72,"y":1},"o":{"x":0.167,"y":0.167},"t":141,"s":[{"i":[[0,59.395],[114.962,0],[49.615,-22.86],[-229.924,0]],"o":[[-56.387,-18.053],[-114.996,0],[0,60.638],[232.344,0]],"v":[[835.824,557.485],[541.056,518.376],[245.772,557.452],[543.779,789.204]],"c":true}]},{"t":162,"s":[{"i":[[0,61.712],[119.447,0],[51.551,-23.752],[-238.893,0]],"o":[[-58.587,-18.758],[-119.482,0],[0,63.004],[241.408,0]],"v":[[847.334,553.759],[541.105,519.211],[234.263,553.724],[543.895,794.518]],"c":true}]}],"ix":1},"o":{"a":0,"k":100,"ix":3},"x":{"a":0,"k":0,"ix":4},"nm":"Mask 1"}],"w":1080,"h":1080,"ip":0,"op":712,"st":0,"bm":0},{"ddd":0,"ind":5,"ty":4,"nm":"Mouth Shape","parent":1,"sr":1,"ks":{"o":{"a":0,"k":100,"ix":11},"r":{"a":0,"k":0,"ix":10},"p":{"a":1,"k":[{"i":{"x":0.183,"y":1},"o":{"x":0.333,"y":0},"t":2,"s":[0,0,0],"to":[0,0,0],"ti":[0,0,0]},{"i":{"x":0.172,"y":1},"o":{"x":0.333,"y":0},"t":15,"s":[0,-162.211,0],"to":[0,0,0],"ti":[0,0,0]},{"t":30,"s":[0,0,0]}],"ix":2},"a":{"a":0,"k":[0,0,0],"ix":1},"s":{"a":0,"k":[100,100,100],"ix":6}},"ao":0,"shapes":[{"ty":"gr","it":[{"ind":0,"ty":"sh","ix":1,"ks":{"a":1,"k":[{"i":{"x":0.31,"y":1},"o":{"x":0.167,"y":0.167},"t":2,"s":[{"i":[[0,59.395],[114.962,0],[49.615,-22.86],[-229.924,0]],"o":[[-56.387,-18.053],[-114.996,0],[0,60.638],[232.344,0]],"v":[[295.824,17.485],[1.056,-20.624],[-294.228,17.452],[3.779,249.204]],"c":true}]},{"i":{"x":0,"y":1},"o":{"x":0.088,"y":0},"t":15,"s":[{"i":[[0.075,10.373],[8.278,0],[-0.06,-8.291],[-10.505,-0.001]],"o":[[-0.06,-8.277],[-8.291,0],[0.076,10.504],[10.374,0.001]],"v":[[18.608,108.978],[0.835,101.434],[-16.972,108.976],[1.064,124.113]],"c":true}]},{"i":{"x":0,"y":1},"o":{"x":0.312,"y":0},"t":47,"s":[{"i":[[0,52.284],[101.198,0],[43.675,-20.124],[-202.397,0]],"o":[[-49.637,-15.892],[-101.229,0],[0,53.378],[204.527,0]],"v":[[260.503,28.96],[1.013,-6.208],[-258.907,28.931],[3.422,232.937]],"c":true}]},{"i":{"x":0,"y":0.391},"o":{"x":0.341,"y":0},"t":74,"s":[{"i":[[0,52.284],[101.198,0],[43.675,-20.124],[-202.397,0]],"o":[[-49.637,-15.892],[-101.229,0],[0,53.378],[204.527,0]],"v":[[260.503,28.96],[1.013,-6.208],[-258.907,28.931],[3.422,232.937]],"c":true}]},{"i":{"x":0.833,"y":0.833},"o":{"x":0.572,"y":0.348},"t":131,"s":[{"i":[[0,58.562],[113.349,0],[48.919,-22.54],[-226.698,0]],"o":[[-55.596,-17.8],[-113.383,0],[0,59.787],[229.084,0]],"v":[[291.685,18.826],[1.039,-20.565],[-290.089,18.793],[3.737,247.294]],"c":true}]},{"i":{"x":0.72,"y":1},"o":{"x":0.167,"y":0.167},"t":141,"s":[{"i":[[0,59.395],[114.962,0],[49.615,-22.86],[-229.924,0]],"o":[[-56.387,-18.053],[-114.996,0],[0,60.638],[232.344,0]],"v":[[295.824,17.485],[1.056,-20.624],[-294.228,17.452],[3.779,249.204]],"c":true}]},{"t":162,"s":[{"i":[[0,61.712],[119.447,0],[51.551,-23.752],[-238.893,0]],"o":[[-58.587,-18.757],[-119.482,0],[0,63.004],[241.408,0]],"v":[[307.334,13.759],[1.105,-20.789],[-305.737,13.724],[3.895,254.518]],"c":true}]}],"ix":2},"nm":"Path 1","mn":"ADBE Vector Shape - Group","hd":false},{"ty":"fl","c":{"a":0,"k":[0.102987132353,0.102987132353,0.102987132353,1],"ix":4},"o":{"a":0,"k":100,"ix":5},"r":1,"bm":0,"nm":"Fill 1","mn":"ADBE Vector Graphic - Fill","hd":false},{"ty":"tr","p":{"a":0,"k":[0,0],"ix":2},"a":{"a":0,"k":[0,0],"ix":1},"s":{"a":0,"k":[100,100],"ix":3},"r":{"a":0,"k":0,"ix":6},"o":{"a":0,"k":100,"ix":7},"sk":{"a":0,"k":0,"ix":4},"sa":{"a":0,"k":0,"ix":5},"nm":"Transform"}],"nm":"Ellipse 1","np":2,"cix":2,"bm":0,"ix":1,"mn":"ADBE Vector Group","hd":false}],"ip":-1,"op":872,"st":-58,"bm":0},{"ddd":0,"ind":6,"ty":0,"nm":"HEAD_GLOBAL PRECOMP","refId":"comp_2","sr":1,"ks":{"o":{"a":0,"k":100,"ix":11},"r":{"a":1,"k":[{"i":{"x":[0.667],"y":[1]},"o":{"x":[0.333],"y":[0]},"t":4,"s":[0]},{"i":{"x":[0.667],"y":[1]},"o":{"x":[0.333],"y":[0]},"t":17,"s":[12]},{"i":{"x":[0.667],"y":[1]},"o":{"x":[0.333],"y":[0]},"t":32,"s":[-6]},{"i":{"x":[0.833],"y":[1]},"o":{"x":[0.333],"y":[0]},"t":48,"s":[3]},{"i":{"x":[0.833],"y":[1]},"o":{"x":[0.167],"y":[0]},"t":65,"s":[-1.5]},{"t":83,"s":[0]}],"ix":10},"p":{"s":true,"x":{"a":0,"k":540,"ix":3},"y":{"a":1,"k":[{"i":{"x":[0.369],"y":[1]},"o":{"x":[0.333],"y":[0]},"t":0,"s":[540]},{"i":{"x":[0.37],"y":[1]},"o":{"x":[0.333],"y":[0]},"t":13,"s":[663.385]},{"i":{"x":[0.37],"y":[1]},"o":{"x":[0.506],"y":[0]},"t":28,"s":[484.151]},{"i":{"x":[0.37],"y":[1]},"o":{"x":[0.462],"y":[0]},"t":44.076,"s":[550.5]},{"i":{"x":[0.833],"y":[1]},"o":{"x":[0.167],"y":[0]},"t":61,"s":[535]},{"t":79,"s":[540]}],"ix":4}},"a":{"a":0,"k":[540,540,0],"ix":1},"s":{"a":1,"k":[{"i":{"x":[0.369,0.369,0.833],"y":[1,1,1]},"o":{"x":[0.333,0.333,0.333],"y":[0,0,0]},"t":2,"s":[99.962,99.962,100]},{"i":{"x":[0.37,0.37,0.37],"y":[1,1,1]},"o":{"x":[0.333,0.333,0.333],"y":[0,0,0]},"t":15,"s":[70,70,100]},{"i":{"x":[0.37,0.37,0.37],"y":[1,1,1]},"o":{"x":[0.506,0.506,0.333],"y":[0,0,0]},"t":30,"s":[103.562,103.562,100]},{"i":{"x":[0.37,0.37,0.37],"y":[1,1,1]},"o":{"x":[0.462,0.462,0.333],"y":[0,0,0]},"t":46.076,"s":[89.508,89.508,100]},{"i":{"x":[0.37,0.37,0.37],"y":[1,1,1]},"o":{"x":[0.336,0.336,0.167],"y":[0,0,0]},"t":63.076,"s":[96.862,96.862,100]},{"i":{"x":[0.73,0.73,0.833],"y":[0.885,0.885,1]},"o":{"x":[0.479,0.479,0.167],"y":[0,0,0]},"t":83,"s":[94.962,94.962,100]},{"i":{"x":[0.238,0.238,0.833],"y":[1,1,1]},"o":{"x":[0.203,0.203,0.167],"y":[-0.498,-0.498,0]},"t":98,"s":[105,105,100]},{"t":141,"s":[100,100,100]}],"ix":6}},"ao":0,"tm":{"a":1,"k":[{"i":{"x":[0.833],"y":[0.833]},"o":{"x":[0.167],"y":[0.167]},"t":2,"s":[0]},{"t":3606,"s":[60.067]}],"ix":2},"w":1080,"h":1080,"ip":-1,"op":872,"st":2,"bm":0}],"markers":[{"tm":142,"cm":"LOOP","dr":0}]}