{"v":"5.6.10","fr":60,"ip":0,"op":152,"w":1080,"h":1080,"nm":"Kiss_MAIN","ddd":0,"assets":[{"id":"comp_0","layers":[{"ddd":0,"ind":1,"ty":4,"nm":"FLAT","sr":1,"ks":{"o":{"a":0,"k":100,"ix":11},"r":{"a":0,"k":0,"ix":10},"p":{"a":0,"k":[540,540,0],"ix":2},"a":{"a":0,"k":[0,0,0],"ix":1},"s":{"a":0,"k":[100,100,100],"ix":6}},"ao":0,"shapes":[{"ty":"gr","it":[{"d":1,"ty":"el","s":{"a":0,"k":[770,770],"ix":2},"p":{"a":0,"k":[0,0],"ix":3},"nm":"Ellipse Path 1","mn":"ADBE Vector Shape - Ellipse","hd":false},{"ty":"fl","c":{"a":0,"k":[1,0.724767288507,0.105575980392,1],"ix":4},"o":{"a":0,"k":100,"ix":5},"r":1,"bm":0,"nm":"Fill 1","mn":"ADBE Vector Graphic - Fill","hd":false},{"ty":"tr","p":{"a":0,"k":[0,0],"ix":2},"a":{"a":0,"k":[0,0],"ix":1},"s":{"a":0,"k":[100,100],"ix":3},"r":{"a":0,"k":0,"ix":6},"o":{"a":0,"k":100,"ix":7},"sk":{"a":0,"k":0,"ix":4},"sa":{"a":0,"k":0,"ix":5},"nm":"Transform"}],"nm":"Ellipse 1","np":2,"cix":2,"bm":0,"ix":1,"mn":"ADBE Vector Group","hd":false}],"ip":0,"op":3604,"st":0,"bm":0}]}],"layers":[{"ddd":0,"ind":1,"ty":3,"nm":"Face Null","parent":18,"sr":1,"ks":{"o":{"a":0,"k":0,"ix":11},"r":{"a":1,"k":[{"i":{"x":[0.667],"y":[1]},"o":{"x":[0.333],"y":[0]},"t":10,"s":[0]},{"i":{"x":[0.667],"y":[1]},"o":{"x":[0.333],"y":[0]},"t":20,"s":[10]},{"i":{"x":[0.667],"y":[1]},"o":{"x":[0.333],"y":[0]},"t":32.406,"s":[-5]},{"i":{"x":[0.833],"y":[1]},"o":{"x":[0.167],"y":[0]},"t":46.027,"s":[2.5]},{"i":{"x":[0.833],"y":[1]},"o":{"x":[0.167],"y":[0]},"t":58.514,"s":[-1]},{"i":{"x":[0.833],"y":[1]},"o":{"x":[0.167],"y":[0]},"t":71,"s":[0]},{"i":{"x":[0.19],"y":[1]},"o":{"x":[0.167],"y":[0]},"t":101,"s":[-6]},{"t":130,"s":[0]}],"ix":10},"p":{"s":true,"x":{"a":0,"k":540,"ix":3},"y":{"a":1,"k":[{"i":{"x":[0.667],"y":[1]},"o":{"x":[0.333],"y":[0]},"t":7,"s":[514]},{"i":{"x":[0.667],"y":[1]},"o":{"x":[0.333],"y":[0]},"t":17,"s":[590.2]},{"i":{"x":[0.667],"y":[1]},"o":{"x":[0.333],"y":[0]},"t":29,"s":[487]},{"i":{"x":[0.667],"y":[1]},"o":{"x":[0.333],"y":[0]},"t":42.621,"s":[514]},{"i":{"x":[0.379],"y":[1]},"o":{"x":[0.484],"y":[0]},"t":71,"s":[514]},{"i":{"x":[0.17],"y":[1]},"o":{"x":[0.333],"y":[0]},"t":101,"s":[468.7]},{"t":130,"s":[514]}],"ix":4}},"a":{"a":0,"k":[50,50,0],"ix":1},"s":{"a":0,"k":[100,100,100],"ix":6}},"ao":0,"ip":-27,"op":216,"st":-3,"bm":0},{"ddd":0,"ind":2,"ty":4,"nm":"Heart_03","sr":1,"ks":{"o":{"a":0,"k":100,"ix":11},"r":{"a":1,"k":[{"i":{"x":[0.52],"y":[1]},"o":{"x":[0.167],"y":[0.167]},"t":75,"s":[54.1]},{"t":139,"s":[-6]}],"ix":10},"p":{"a":1,"k":[{"i":{"x":0.147,"y":1},"o":{"x":0.215,"y":0.111},"t":75,"s":[634.534,649.206,0],"to":[110.446,-5.175,0],"ti":[43.944,347.874,0]},{"t":152,"s":[914.394,220.004,0]}],"ix":2},"a":{"a":0,"k":[-0.75,-100.166,0],"ix":1},"s":{"a":1,"k":[{"i":{"x":[0.667,0.667,0.667],"y":[1,1,1]},"o":{"x":[0.333,0.333,0.333],"y":[0,0,0]},"t":75,"s":[13,13,100]},{"i":{"x":[0.667,0.667,0.667],"y":[1,1,1]},"o":{"x":[0.333,0.333,0.333],"y":[0,0,0]},"t":110,"s":[55,55,100]},{"t":147,"s":[0,0,100]}],"ix":6}},"ao":0,"shapes":[{"ty":"gr","it":[{"ind":0,"ty":"sh","ix":1,"ks":{"a":0,"k":{"i":[[18.277,-61.141],[0,-138.449],[0,0],[0,140.907]],"o":[[-22.367,-61.766],[0,138.133],[0,0],[0,-137.963]],"v":[[1.741,-225.369],[-199.5,-165.906],[1.75,76.75],[198,-166.877]],"c":true},"ix":2},"nm":"Path 1","mn":"ADBE Vector Shape - Group","hd":false},{"ty":"fl","c":{"a":0,"k":[0.810401348039,0.147679766487,0.147679766487,1],"ix":4},"o":{"a":0,"k":100,"ix":5},"r":1,"bm":0,"nm":"Fill 1","mn":"ADBE Vector Graphic - Fill","hd":false},{"ty":"tr","p":{"a":0,"k":[0,0],"ix":2},"a":{"a":0,"k":[0,0],"ix":1},"s":{"a":0,"k":[100,100],"ix":3},"r":{"a":0,"k":0,"ix":6},"o":{"a":0,"k":100,"ix":7},"sk":{"a":0,"k":0,"ix":4},"sa":{"a":0,"k":0,"ix":5},"nm":"Transform"}],"nm":"Shape 1","np":2,"cix":2,"bm":0,"ix":1,"mn":"ADBE Vector Group","hd":false}],"ip":75,"op":216,"st":42,"bm":0},{"ddd":0,"ind":3,"ty":4,"nm":"Heart_02","sr":1,"ks":{"o":{"a":0,"k":100,"ix":11},"r":{"a":1,"k":[{"i":{"x":[0.52],"y":[1]},"o":{"x":[0.167],"y":[0.167]},"t":44,"s":[54.1]},{"t":108,"s":[0]}],"ix":10},"p":{"a":1,"k":[{"i":{"x":0.23,"y":1},"o":{"x":0.167,"y":0.167},"t":44,"s":[569.394,660.004,0],"to":[75.167,2.667,0],"ti":[-68.167,185.333,0]},{"t":126,"s":[897.394,477.004,0]}],"ix":2},"a":{"a":0,"k":[-0.75,-100.166,0],"ix":1},"s":{"a":1,"k":[{"i":{"x":[0.667,0.667,0.667],"y":[1,1,1]},"o":{"x":[0.333,0.333,0.333],"y":[0,0,0]},"t":44,"s":[0,0,100]},{"i":{"x":[0.667,0.667,0.667],"y":[1,1,1]},"o":{"x":[0.333,0.333,0.333],"y":[0,0,0]},"t":66,"s":[35,35,100]},{"t":108,"s":[0,0,100]}],"ix":6}},"ao":0,"shapes":[{"ty":"gr","it":[{"ind":0,"ty":"sh","ix":1,"ks":{"a":0,"k":{"i":[[18.277,-61.141],[0,-138.449],[0,0],[0,140.907]],"o":[[-22.367,-61.766],[0,138.133],[0,0],[0,-137.963]],"v":[[1.741,-225.369],[-199.5,-165.906],[1.75,76.75],[198,-166.877]],"c":true},"ix":2},"nm":"Path 1","mn":"ADBE Vector Shape - Group","hd":false},{"ty":"fl","c":{"a":0,"k":[0.810401348039,0.147679766487,0.147679766487,1],"ix":4},"o":{"a":0,"k":100,"ix":5},"r":1,"bm":0,"nm":"Fill 1","mn":"ADBE Vector Graphic - Fill","hd":false},{"ty":"tr","p":{"a":0,"k":[0,0],"ix":2},"a":{"a":0,"k":[0,0],"ix":1},"s":{"a":0,"k":[100,100],"ix":3},"r":{"a":0,"k":0,"ix":6},"o":{"a":0,"k":100,"ix":7},"sk":{"a":0,"k":0,"ix":4},"sa":{"a":0,"k":0,"ix":5},"nm":"Transform"}],"nm":"Shape 1","np":2,"cix":2,"bm":0,"ix":1,"mn":"ADBE Vector Group","hd":false}],"ip":44,"op":95,"st":20,"bm":0},{"ddd":0,"ind":4,"ty":4,"nm":"Heart_01","sr":1,"ks":{"o":{"a":0,"k":100,"ix":11},"r":{"a":1,"k":[{"i":{"x":[0.52],"y":[1]},"o":{"x":[0.167],"y":[0.167]},"t":22,"s":[54.1]},{"t":73,"s":[0]}],"ix":10},"p":{"a":1,"k":[{"i":{"x":0.23,"y":1},"o":{"x":0.167,"y":0.167},"t":22,"s":[555.394,663.004,0],"to":[89.167,7.667,0],"ti":[-42.167,220.333,0]},{"t":84,"s":[926.394,390.004,0]}],"ix":2},"a":{"a":0,"k":[-0.75,-100.166,0],"ix":1},"s":{"a":1,"k":[{"i":{"x":[0.667,0.667,0.667],"y":[1,1,1]},"o":{"x":[0.333,0.333,0.333],"y":[0,0,0]},"t":22,"s":[0,0,100]},{"i":{"x":[0.667,0.667,0.667],"y":[1,1,1]},"o":{"x":[0.333,0.333,0.333],"y":[0,0,0]},"t":44,"s":[45.962,45.962,100]},{"t":73,"s":[0,0,100]}],"ix":6}},"ao":0,"shapes":[{"ty":"gr","it":[{"ind":0,"ty":"sh","ix":1,"ks":{"a":0,"k":{"i":[[18.277,-61.141],[0,-138.449],[0,0],[0,140.907]],"o":[[-22.367,-61.766],[0,138.133],[0,0],[0,-137.963]],"v":[[1.741,-225.369],[-199.5,-165.906],[1.75,76.75],[198,-166.877]],"c":true},"ix":2},"nm":"Path 1","mn":"ADBE Vector Shape - Group","hd":false},{"ty":"fl","c":{"a":0,"k":[0.810401348039,0.147679766487,0.147679766487,1],"ix":4},"o":{"a":0,"k":100,"ix":5},"r":1,"bm":0,"nm":"Fill 1","mn":"ADBE Vector Graphic - Fill","hd":false},{"ty":"tr","p":{"a":0,"k":[0,0],"ix":2},"a":{"a":0,"k":[0,0],"ix":1},"s":{"a":0,"k":[100,100],"ix":3},"r":{"a":0,"k":0,"ix":6},"o":{"a":0,"k":100,"ix":7},"sk":{"a":0,"k":0,"ix":4},"sa":{"a":0,"k":0,"ix":5},"nm":"Transform"}],"nm":"Shape 1","np":2,"cix":2,"bm":0,"ix":1,"mn":"ADBE Vector Group","hd":false}],"ip":22,"op":216,"st":-2,"bm":0},{"ddd":0,"ind":5,"ty":4,"nm":"Wink Eye","parent":1,"sr":1,"ks":{"o":{"a":0,"k":100,"ix":11},"r":{"a":0,"k":0,"ix":10},"p":{"a":0,"k":[184.5,-33.255,0],"ix":2},"a":{"a":0,"k":[-113.5,-66.255,0],"ix":1},"s":{"a":1,"k":[{"i":{"x":[0,0,0],"y":[1,1,1]},"o":{"x":[0.167,0.167,0.167],"y":[0.167,0.167,0]},"t":21,"s":[-89,89,100]},{"i":{"x":[0.667,0.667,0.667],"y":[1,1,1]},"o":{"x":[0.167,0.167,0.167],"y":[0,0,0]},"t":25,"s":[-100,100,100]},{"i":{"x":[0.833,0.833,0.833],"y":[0.833,0.833,1]},"o":{"x":[0.74,0.74,0.74],"y":[0,0,0]},"t":108,"s":[-100,100,100]},{"t":112,"s":[-89,36,100]}],"ix":6}},"ao":0,"shapes":[{"ty":"gr","it":[{"ind":0,"ty":"sh","ix":1,"ks":{"a":0,"k":{"i":[[0,22.368],[-22.368,0],[0,-22.368]],"o":[[0,-22.368],[22.368,0],[0,22.368]],"v":[[-154,-46.005],[-113.5,-86.505],[-73,-46.005]],"c":false},"ix":2},"nm":"Path 1","mn":"ADBE Vector Shape - Group","hd":false},{"ty":"st","c":{"a":0,"k":[0,0,0,1],"ix":3},"o":{"a":0,"k":100,"ix":4},"w":{"a":0,"k":25,"ix":5},"lc":2,"lj":1,"ml":4,"bm":0,"nm":"Stroke 1","mn":"ADBE Vector Graphic - Stroke","hd":false},{"ty":"tr","p":{"a":0,"k":[0,0],"ix":2},"a":{"a":0,"k":[0,0],"ix":1},"s":{"a":0,"k":[100,100],"ix":3},"r":{"a":0,"k":0,"ix":6},"o":{"a":0,"k":100,"ix":7},"sk":{"a":0,"k":0,"ix":4},"sa":{"a":0,"k":0,"ix":5},"nm":"Transform"}],"nm":"Ellipse 1","np":2,"cix":2,"bm":0,"ix":1,"mn":"ADBE Vector Group","hd":false}],"ip":21,"op":112,"st":-3,"bm":0},{"ddd":0,"ind":7,"ty":4,"nm":"R Eye ","parent":1,"sr":1,"ks":{"o":{"a":1,"k":[{"t":20,"s":[100],"h":1},{"t":21,"s":[0],"h":1},{"t":111,"s":[0],"h":1},{"t":112,"s":[100],"h":1}],"ix":11},"r":{"a":0,"k":0,"ix":10},"p":{"a":0,"k":[181.421,-32,0],"ix":2},"a":{"a":0,"k":[0,0,0],"ix":1},"s":{"a":1,"k":[{"i":{"x":[0.833,0.833,0.833],"y":[0.833,0.833,1]},"o":{"x":[0.54,1,0.54],"y":[0,0,0]},"t":16,"s":[122,190,100]},{"i":{"x":[0.833,0.833,0.833],"y":[0.833,0.833,0.833]},"o":{"x":[0.167,0.167,0.167],"y":[0.167,0.167,0.167]},"t":20,"s":[166,35,100]},{"i":{"x":[0,0,0],"y":[0.879,1.058,1]},"o":{"x":[0.167,0.167,0.167],"y":[0.167,0.167,-16.667]},"t":112,"s":[166,98.3,100]},{"t":124,"s":[122,190,100]}],"ix":6}},"ao":0,"shapes":[{"ty":"gr","it":[{"d":1,"ty":"el","s":{"a":0,"k":[51,51],"ix":2},"p":{"a":0,"k":[0,0],"ix":3},"nm":"Ellipse Path 1","mn":"ADBE Vector Shape - Ellipse","hd":false},{"ty":"fl","c":{"a":0,"k":[0,0,0,1],"ix":4},"o":{"a":0,"k":100,"ix":5},"r":1,"bm":0,"nm":"Fill 1","mn":"ADBE Vector Graphic - Fill","hd":false},{"ty":"tr","p":{"a":0,"k":[0,0],"ix":2},"a":{"a":0,"k":[0,0],"ix":1},"s":{"a":0,"k":[100,100],"ix":3},"r":{"a":0,"k":0,"ix":6},"o":{"a":0,"k":100,"ix":7},"sk":{"a":0,"k":0,"ix":4},"sa":{"a":0,"k":0,"ix":5},"nm":"Transform"}],"nm":"Ellipse 1","np":2,"cix":2,"bm":0,"ix":1,"mn":"ADBE Vector Group","hd":false}],"ip":-23,"op":216,"st":17,"bm":0},{"ddd":0,"ind":8,"ty":4,"nm":"Wink Eye 2","parent":1,"sr":1,"ks":{"o":{"a":0,"k":100,"ix":11},"r":{"a":0,"k":0,"ix":10},"p":{"a":0,"k":[-75.5,-33.255,0],"ix":2},"a":{"a":0,"k":[-113.5,-66.255,0],"ix":1},"s":{"a":1,"k":[{"i":{"x":[0,0,0],"y":[1,1,1]},"o":{"x":[0.167,0.167,0.167],"y":[0.167,0.167,0]},"t":77,"s":[-89,89,100]},{"i":{"x":[0.667,0.667,0.667],"y":[1,1,1]},"o":{"x":[0.167,0.167,0.167],"y":[0,0,0]},"t":81,"s":[-100,100,100]},{"i":{"x":[0.833,0.833,0.833],"y":[0.833,0.833,1]},"o":{"x":[0.74,0.74,0.74],"y":[0,0,0]},"t":108,"s":[-100,100,100]},{"t":112,"s":[-89,36,100]}],"ix":6}},"ao":0,"shapes":[{"ty":"gr","it":[{"ind":0,"ty":"sh","ix":1,"ks":{"a":0,"k":{"i":[[0,22.368],[-22.368,0],[0,-22.368]],"o":[[0,-22.368],[22.368,0],[0,22.368]],"v":[[-154,-46.005],[-113.5,-86.505],[-73,-46.005]],"c":false},"ix":2},"nm":"Path 1","mn":"ADBE Vector Shape - Group","hd":false},{"ty":"st","c":{"a":0,"k":[0,0,0,1],"ix":3},"o":{"a":0,"k":100,"ix":4},"w":{"a":0,"k":25,"ix":5},"lc":2,"lj":1,"ml":4,"bm":0,"nm":"Stroke 1","mn":"ADBE Vector Graphic - Stroke","hd":false},{"ty":"tr","p":{"a":0,"k":[0,0],"ix":2},"a":{"a":0,"k":[0,0],"ix":1},"s":{"a":0,"k":[100,100],"ix":3},"r":{"a":0,"k":0,"ix":6},"o":{"a":0,"k":100,"ix":7},"sk":{"a":0,"k":0,"ix":4},"sa":{"a":0,"k":0,"ix":5},"nm":"Transform"}],"nm":"Ellipse 1","np":2,"cix":2,"bm":0,"ix":1,"mn":"ADBE Vector Group","hd":false}],"ip":77,"op":112,"st":44,"bm":0},{"ddd":0,"ind":9,"ty":4,"nm":"L_Eye 2","parent":1,"sr":1,"ks":{"o":{"a":1,"k":[{"t":76,"s":[100],"h":1},{"t":77,"s":[0],"h":1},{"t":111,"s":[0],"h":1},{"t":112,"s":[100],"h":1}],"ix":11},"r":{"a":0,"k":0,"ix":10},"p":{"a":0,"k":[-79,-34,0],"ix":2},"a":{"a":0,"k":[0,0,0],"ix":1},"s":{"a":1,"k":[{"i":{"x":[0.833,0.833,0.833],"y":[0.833,0.833,1]},"o":{"x":[0.88,0.88,0.88],"y":[0,0,0]},"t":66,"s":[122,190,100]},{"i":{"x":[0.833,0.833,0.833],"y":[0.833,0.833,1]},"o":{"x":[0.185,0.185,0.185],"y":[0.32,0.32,0]},"t":77,"s":[164,49,100]},{"i":{"x":[0,0,0.833],"y":[0.805,1.058,1]},"o":{"x":[0.167,0.167,0.167],"y":[0.167,0.167,-16.667]},"t":112,"s":[149.326,98.262,100]},{"i":{"x":[0.842,0.842,0.842],"y":[1,1,1]},"o":{"x":[0.88,0.88,0.88],"y":[0,0,0]},"t":124,"s":[122,190,100]},{"t":141,"s":[122,190,100]}],"ix":6}},"ao":0,"shapes":[{"ty":"gr","it":[{"d":1,"ty":"el","s":{"a":0,"k":[51,51],"ix":2},"p":{"a":0,"k":[0,0],"ix":3},"nm":"Ellipse Path 1","mn":"ADBE Vector Shape - Ellipse","hd":false},{"ty":"fl","c":{"a":0,"k":[0,0,0,1],"ix":4},"o":{"a":0,"k":100,"ix":5},"r":1,"bm":0,"nm":"Fill 1","mn":"ADBE Vector Graphic - Fill","hd":false},{"ty":"tr","p":{"a":0,"k":[0,0],"ix":2},"a":{"a":0,"k":[0,0],"ix":1},"s":{"a":0,"k":[100,100],"ix":3},"r":{"a":0,"k":0,"ix":6},"o":{"a":0,"k":100,"ix":7},"sk":{"a":0,"k":0,"ix":4},"sa":{"a":0,"k":0,"ix":5},"nm":"Transform"}],"nm":"Ellipse 1","np":2,"cix":2,"bm":0,"ix":1,"mn":"ADBE Vector Group","hd":false}],"ip":-32,"op":216,"st":6,"bm":0},{"ddd":0,"ind":10,"ty":4,"nm":"L_Eye_Closed","parent":1,"sr":1,"ks":{"o":{"a":0,"k":100,"ix":11},"r":{"a":0,"k":0,"ix":10},"p":{"a":0,"k":[-78.209,-33.967,0],"ix":2},"a":{"a":0,"k":[-107.875,88.25,0],"ix":1},"s":{"a":0,"k":[98.884,101.141,100],"ix":6}},"ao":0,"shapes":[{"ty":"gr","it":[{"ind":0,"ty":"sh","ix":1,"ks":{"a":0,"k":{"i":[[0,0],[0,0]],"o":[[0,0],[0,0]],"v":[[-145,88.476],[-70.75,88.024]],"c":false},"ix":2},"nm":"Path 1","mn":"ADBE Vector Shape - Group","hd":false},{"ty":"st","c":{"a":0,"k":[0,0,0,1],"ix":3},"o":{"a":0,"k":100,"ix":4},"w":{"a":0,"k":17,"ix":5},"lc":2,"lj":1,"ml":4,"bm":0,"nm":"Stroke 1","mn":"ADBE Vector Graphic - Stroke","hd":false},{"ty":"fl","c":{"a":0,"k":[0.868290441176,0.300137418859,0.300137418859,1],"ix":4},"o":{"a":0,"k":100,"ix":5},"r":1,"bm":0,"nm":"Fill 1","mn":"ADBE Vector Graphic - Fill","hd":false},{"ty":"tr","p":{"a":0,"k":[0,0],"ix":2},"a":{"a":0,"k":[0,0],"ix":1},"s":{"a":0,"k":[100,100],"ix":3},"r":{"a":0,"k":0,"ix":6},"o":{"a":0,"k":100,"ix":7},"sk":{"a":0,"k":0,"ix":4},"sa":{"a":0,"k":0,"ix":5},"nm":"Transform"}],"nm":"Shape 1","np":3,"cix":2,"bm":0,"ix":1,"mn":"ADBE Vector Group","hd":false}],"ip":262,"op":269,"st":258,"bm":0},{"ddd":0,"ind":11,"ty":4,"nm":"Smile Mouth","parent":1,"sr":1,"ks":{"o":{"a":1,"k":[{"t":24,"s":[100],"h":1},{"t":25,"s":[0],"h":1},{"t":109,"s":[0],"h":1},{"t":110,"s":[100],"h":1}],"ix":11},"r":{"a":0,"k":0,"ix":10},"p":{"a":0,"k":[54.77,195.147,0],"ix":2},"a":{"a":0,"k":[0.108,121.349,0],"ix":1},"s":{"a":0,"k":[104.441,95.508,100],"ix":6}},"ao":0,"shapes":[{"ty":"gr","it":[{"ind":0,"ty":"sh","ix":1,"ks":{"a":0,"k":{"i":[[6.362,-10.037],[56.457,0],[28.967,45.587]],"o":[[-28.758,45.371],[-61.708,0],[-6.432,-10.123]],"v":[[152.182,42.172],[0.108,121.349],[-150.543,42.579]],"c":false},"ix":2},"nm":"Path 1","mn":"ADBE Vector Shape - Group","hd":false},{"ty":"tm","s":{"a":1,"k":[{"i":{"x":[0.312],"y":[1]},"o":{"x":[0.55],"y":[0]},"t":0,"s":[10]},{"i":{"x":[0.833],"y":[0.833]},"o":{"x":[0.59],"y":[0]},"t":17,"s":[0]},{"i":{"x":[0.833],"y":[0.833]},"o":{"x":[0.167],"y":[0.167]},"t":25,"s":[30]},{"i":{"x":[0],"y":[1]},"o":{"x":[0.074],"y":[0.055]},"t":110,"s":[40]},{"t":132,"s":[10]}],"ix":1},"e":{"a":1,"k":[{"i":{"x":[0.312],"y":[1]},"o":{"x":[0.55],"y":[0]},"t":0,"s":[90]},{"i":{"x":[0.833],"y":[0.833]},"o":{"x":[0.59],"y":[0]},"t":17,"s":[100]},{"i":{"x":[0.833],"y":[0.833]},"o":{"x":[0.167],"y":[0.167]},"t":25,"s":[70]},{"i":{"x":[0],"y":[1]},"o":{"x":[0.074],"y":[0.057]},"t":110,"s":[60]},{"t":132,"s":[90]}],"ix":2},"o":{"a":0,"k":0,"ix":3},"m":1,"ix":2,"nm":"Trim Paths 1","mn":"ADBE Vector Filter - Trim","hd":false},{"ty":"st","c":{"a":0,"k":[0,0,0,1],"ix":3},"o":{"a":0,"k":100,"ix":4},"w":{"a":0,"k":30,"ix":5},"lc":2,"lj":1,"ml":4,"bm":0,"nm":"Stroke 1","mn":"ADBE Vector Graphic - Stroke","hd":false},{"ty":"tr","p":{"a":0,"k":[0,0],"ix":2},"a":{"a":0,"k":[0,0],"ix":1},"s":{"a":0,"k":[100,100],"ix":3},"r":{"a":0,"k":0,"ix":6},"o":{"a":0,"k":100,"ix":7},"sk":{"a":0,"k":0,"ix":4},"sa":{"a":0,"k":0,"ix":5},"nm":"Transform"}],"nm":"Ellipse 1","np":3,"cix":2,"bm":0,"ix":1,"mn":"ADBE Vector Group","hd":false}],"ip":-23,"op":216,"st":-43,"bm":0},{"ddd":0,"ind":12,"ty":4,"nm":"Kiss Mouth","parent":1,"sr":1,"ks":{"o":{"a":0,"k":100,"ix":11},"r":{"a":0,"k":0,"ix":10},"p":{"a":1,"k":[{"i":{"x":0.252,"y":0.556},"o":{"x":0.599,"y":0},"t":67,"s":[32.5,197.774,0],"to":[0,0,0],"ti":[0,0,0]},{"i":{"x":0.833,"y":0.833},"o":{"x":1,"y":0},"t":102,"s":[46.8,197.774,0],"to":[0,0,0],"ti":[0,0,0]},{"t":110,"s":[32.5,197.774,0]}],"ix":2},"a":{"a":0,"k":[2.5,127.874,0],"ix":1},"s":{"a":1,"k":[{"i":{"x":[0,0,0],"y":[1,1,1]},"o":{"x":[0.167,0.167,0.167],"y":[0.167,0.167,0.694]},"t":25,"s":[85.3,85.3,100]},{"i":{"x":[0,0,0],"y":[1,1,1]},"o":{"x":[0.167,0.167,0.167],"y":[0,0,0]},"t":34,"s":[125,125,100]},{"i":{"x":[0.563,0.563,0.563],"y":[0.96,0.96,0.208]},"o":{"x":[0.185,0.185,0.185],"y":[0,0,0]},"t":44,"s":[95,95,100]},{"i":{"x":[0.322,0.322,0.674],"y":[1,1,2.972]},"o":{"x":[0.32,0.32,0.32],"y":[-0.032,-0.032,0.633]},"t":55,"s":[115,115,100]},{"i":{"x":[0.131,0.131,0.819],"y":[1,1,1]},"o":{"x":[0.519,0.519,0.435],"y":[0,0,-7.689]},"t":67,"s":[95,95,100]},{"i":{"x":[0.833,0.833,0.833],"y":[0.833,0.833,1.694]},"o":{"x":[1,1,1],"y":[0,0,0]},"t":102,"s":[125,125,100]},{"t":110,"s":[85.3,52.3,100]}],"ix":6}},"ao":0,"shapes":[{"ty":"gr","it":[{"ind":0,"ty":"sh","ix":1,"ks":{"a":0,"k":{"i":[[-7.175,33.919],[-10,-21.5],[0,0],[9.811,-27.539],[12.5,20.5]],"o":[[5.5,-26],[12.477,26.825],[0,0],[-8.571,24.058],[0,0]],"v":[[2.5,100],[55.5,89.5],[25.5,129.5],[60.972,163.527],[5.5,161.5]],"c":false},"ix":2},"nm":"Path 1","mn":"ADBE Vector Shape - Group","hd":false},{"ty":"st","c":{"a":0,"k":[0,0,0,1],"ix":3},"o":{"a":0,"k":100,"ix":4},"w":{"a":0,"k":20,"ix":5},"lc":2,"lj":2,"bm":0,"nm":"Stroke 1","mn":"ADBE Vector Graphic - Stroke","hd":false},{"ty":"tr","p":{"a":0,"k":[0,0],"ix":2},"a":{"a":0,"k":[0,0],"ix":1},"s":{"a":0,"k":[100,100],"ix":3},"r":{"a":0,"k":0,"ix":6},"o":{"a":0,"k":100,"ix":7},"sk":{"a":0,"k":0,"ix":4},"sa":{"a":0,"k":0,"ix":5},"nm":"Transform"}],"nm":"Shape 1","np":2,"cix":2,"bm":0,"ix":1,"mn":"ADBE Vector Group","hd":false}],"ip":25,"op":110,"st":17,"bm":0},{"ddd":0,"ind":13,"ty":4,"nm":"R Blush 2","parent":1,"sr":1,"ks":{"o":{"a":0,"k":69.15,"ix":11},"r":{"a":0,"k":1.145,"ix":10},"p":{"a":0,"k":[285.153,94.659,0],"ix":2},"a":{"a":0,"k":[0,0,0],"ix":1},"s":{"a":0,"k":[158.057,141.998,100],"ix":6}},"ao":0,"shapes":[{"ty":"gr","it":[{"d":1,"ty":"el","s":{"a":0,"k":[300,300],"ix":2},"p":{"a":0,"k":[0,0],"ix":3},"nm":"Ellipse Path 1","mn":"ADBE Vector Shape - Ellipse","hd":false},{"ty":"gf","o":{"a":0,"k":100,"ix":10},"r":1,"bm":0,"g":{"p":3,"k":{"a":0,"k":[0,1,0.573,0.184,0.558,0.986,0.675,0.216,0.641,0.973,0.776,0.247,0,1,0.476,0.5,0.637,0],"ix":9}},"s":{"a":0,"k":[0,0],"ix":5},"e":{"a":0,"k":[150.688,-41.5],"ix":6},"t":2,"h":{"a":0,"k":0,"ix":7},"a":{"a":0,"k":0,"ix":8},"nm":"Gradient Fill 1","mn":"ADBE Vector Graphic - G-Fill","hd":false},{"ty":"tr","p":{"a":0,"k":[0,0],"ix":2},"a":{"a":0,"k":[0,0],"ix":1},"s":{"a":0,"k":[100,100],"ix":3},"r":{"a":0,"k":0,"ix":6},"o":{"a":0,"k":100,"ix":7},"sk":{"a":0,"k":0,"ix":4},"sa":{"a":0,"k":0,"ix":5},"nm":"Transform"}],"nm":"Ellipse 1","np":2,"cix":2,"bm":0,"ix":1,"mn":"ADBE Vector Group","hd":false}],"ip":-3,"op":216,"st":-3,"bm":0},{"ddd":0,"ind":14,"ty":4,"nm":"L Blush 2","parent":1,"sr":1,"ks":{"o":{"a":0,"k":69.15,"ix":11},"r":{"a":0,"k":1.145,"ix":10},"p":{"a":0,"k":[-183.788,94.659,0],"ix":2},"a":{"a":0,"k":[0,0,0],"ix":1},"s":{"a":0,"k":[158.057,141.998,100],"ix":6}},"ao":0,"shapes":[{"ty":"gr","it":[{"d":1,"ty":"el","s":{"a":0,"k":[300,300],"ix":2},"p":{"a":0,"k":[0,0],"ix":3},"nm":"Ellipse Path 1","mn":"ADBE Vector Shape - Ellipse","hd":false},{"ty":"gf","o":{"a":0,"k":100,"ix":10},"r":1,"bm":0,"g":{"p":3,"k":{"a":0,"k":[0,1,0.574,0.184,0.558,0.986,0.675,0.216,0.641,0.973,0.776,0.247,0,1,0.476,0.5,0.637,0],"ix":9}},"s":{"a":0,"k":[0,0],"ix":5},"e":{"a":0,"k":[150.688,-41.5],"ix":6},"t":2,"h":{"a":0,"k":0,"ix":7},"a":{"a":0,"k":0,"ix":8},"nm":"Gradient Fill 1","mn":"ADBE Vector Graphic - G-Fill","hd":false},{"ty":"tr","p":{"a":0,"k":[0,0],"ix":2},"a":{"a":0,"k":[0,0],"ix":1},"s":{"a":0,"k":[100,100],"ix":3},"r":{"a":0,"k":0,"ix":6},"o":{"a":0,"k":100,"ix":7},"sk":{"a":0,"k":0,"ix":4},"sa":{"a":0,"k":0,"ix":5},"nm":"Transform"}],"nm":"Ellipse 1","np":2,"cix":2,"bm":0,"ix":1,"mn":"ADBE Vector Group","hd":false}],"ip":-3,"op":216,"st":-3,"bm":0},{"ddd":0,"ind":18,"ty":0,"nm":"HEAD_GLOBAL PRECOMP","refId":"comp_0","sr":1,"ks":{"o":{"a":0,"k":100,"ix":11},"r":{"a":0,"k":0,"ix":10},"p":{"s":true,"x":{"a":0,"k":540,"ix":3},"y":{"a":0,"k":540,"ix":4}},"a":{"a":0,"k":[540,540,0],"ix":1},"s":{"a":1,"k":[{"i":{"x":[0.667,0.667,0.667],"y":[1,1,1]},"o":{"x":[0.333,0.333,0.333],"y":[0,0,0]},"t":5,"s":[100,100,100]},{"i":{"x":[0.667,0.667,0.667],"y":[1,1,1]},"o":{"x":[0.333,0.333,0.333],"y":[0,0,0]},"t":17,"s":[85,85,100]},{"i":{"x":[0.667,0.667,0.667],"y":[1,1,1]},"o":{"x":[0.333,0.333,0.333],"y":[0,0,0]},"t":29,"s":[110,110,100]},{"i":{"x":[0.667,0.667,0.667],"y":[1,1,1]},"o":{"x":[0.333,0.333,0.333],"y":[0,0,0]},"t":42.621,"s":[95,95,100]},{"i":{"x":[0.667,0.667,0.667],"y":[1,1,1]},"o":{"x":[0.312,0.312,0.312],"y":[0,0,0]},"t":55.107,"s":[100,100,100]},{"i":{"x":[0.195,0.195,0.667],"y":[1,1,1]},"o":{"x":[0.333,0.333,0.333],"y":[0,0,0]},"t":71,"s":[100,100,100]},{"i":{"x":[0.195,0.195,0.05],"y":[1,1,1]},"o":{"x":[0.333,0.333,0.333],"y":[0,0,0]},"t":101,"s":[115,115,100]},{"t":121,"s":[100,100,100]}],"ix":6}},"ao":0,"w":1080,"h":1080,"ip":-15,"op":216,"st":-15,"bm":0}],"markers":[{"tm":152,"cm":"LOOP","dr":0}]}