{"v":"5.6.10","fr":60,"ip":0,"op":79,"w":1080,"h":1080,"nm":"Laughing Tears_MAIN","ddd":0,"assets":[{"id":"comp_0","layers":[{"ddd":0,"ind":1,"ty":0,"nm":"Tear_Root","parent":2,"refId":"comp_1","sr":1,"ks":{"o":{"a":0,"k":100,"ix":11},"r":{"a":0,"k":0,"ix":10},"p":{"a":0,"k":[742,416,0],"ix":2},"a":{"a":0,"k":[742,416,0],"ix":1},"s":{"a":0,"k":[100,100,100],"ix":6}},"ao":0,"w":1080,"h":1080,"ip":-2,"op":68,"st":-12,"bm":0},{"ddd":0,"ind":2,"ty":0,"nm":"Tear_Root","refId":"comp_1","sr":1,"ks":{"o":{"a":0,"k":100,"ix":11},"r":{"a":0,"k":-5.7,"ix":10},"p":{"a":0,"k":[742,438,0],"ix":2},"a":{"a":0,"k":[742,416,0],"ix":1},"s":{"a":0,"k":[100,100,100],"ix":6}},"ao":0,"w":1080,"h":1080,"ip":66,"op":146,"st":66,"bm":0},{"ddd":0,"ind":3,"ty":0,"nm":"Tear_Root","refId":"comp_1","sr":1,"ks":{"o":{"a":0,"k":100,"ix":11},"r":{"a":0,"k":0,"ix":10},"p":{"a":0,"k":[540,562,0],"ix":2},"a":{"a":0,"k":[540,540,0],"ix":1},"s":{"a":0,"k":[100,100,100],"ix":6}},"ao":0,"w":1080,"h":1080,"ip":54,"op":134,"st":54,"bm":0},{"ddd":0,"ind":4,"ty":0,"nm":"Tear_Root","refId":"comp_1","sr":1,"ks":{"o":{"a":0,"k":100,"ix":11},"r":{"a":0,"k":0,"ix":10},"p":{"a":0,"k":[540,562,0],"ix":2},"a":{"a":0,"k":[540,540,0],"ix":1},"s":{"a":0,"k":[100,100,100],"ix":6}},"ao":0,"w":1080,"h":1080,"ip":40,"op":120,"st":40,"bm":0},{"ddd":0,"ind":5,"ty":0,"nm":"Tear_Root","refId":"comp_1","sr":1,"ks":{"o":{"a":0,"k":100,"ix":11},"r":{"a":0,"k":-5.7,"ix":10},"p":{"a":0,"k":[742,438,0],"ix":2},"a":{"a":0,"k":[742,416,0],"ix":1},"s":{"a":0,"k":[100,100,100],"ix":6}},"ao":0,"w":1080,"h":1080,"ip":25,"op":105,"st":25,"bm":0},{"ddd":0,"ind":6,"ty":0,"nm":"Tear_Root","refId":"comp_1","sr":1,"ks":{"o":{"a":0,"k":100,"ix":11},"r":{"a":0,"k":0,"ix":10},"p":{"a":0,"k":[668,406,0],"ix":2},"a":{"a":0,"k":[668,384,0],"ix":1},"s":{"a":0,"k":[100,100,100],"ix":6}},"ao":0,"w":1080,"h":1080,"ip":12,"op":92,"st":12,"bm":0},{"ddd":0,"ind":7,"ty":0,"nm":"Tear_Root","refId":"comp_1","sr":1,"ks":{"o":{"a":0,"k":100,"ix":11},"r":{"a":0,"k":0,"ix":10},"p":{"a":0,"k":[540,562,0],"ix":2},"a":{"a":0,"k":[540,540,0],"ix":1},"s":{"a":0,"k":[100,100,100],"ix":6}},"ao":0,"w":1080,"h":1080,"ip":0,"op":80,"st":0,"bm":0}]},{"id":"comp_1","layers":[{"ddd":0,"ind":3,"ty":4,"nm":"Tear 3","sr":1,"ks":{"o":{"a":0,"k":100,"ix":11},"r":{"a":1,"k":[{"i":{"x":[0.604],"y":[0.847]},"o":{"x":[0.348],"y":[0.057]},"t":0,"s":[14.148]},{"i":{"x":[0.388],"y":[1]},"o":{"x":[0.147],"y":[0.761]},"t":16,"s":[58.507]},{"t":70,"s":[69.701]}],"ix":10},"p":{"a":1,"k":[{"i":{"x":0.307,"y":1},"o":{"x":0.062,"y":0.039},"t":0,"s":[762,426,0],"to":[128.333,-15,0],"ti":[-9.333,-102,0]},{"t":46,"s":[997,627,0]}],"ix":2},"a":{"a":0,"k":[35.731,-14.796,0],"ix":1},"s":{"a":1,"k":[{"i":{"x":[0.599,0.599,0.667],"y":[1.019,1.019,1]},"o":{"x":[0.167,0.167,0.167],"y":[0.167,0.167,16.516]},"t":0,"s":[0,0,100]},{"i":{"x":[0.221,0.221,0],"y":[1,1,1]},"o":{"x":[0.084,0.084,0.333],"y":[0.014,0.014,0]},"t":8,"s":[120.6,120.6,100]},{"t":35,"s":[0,0,100]}],"ix":6}},"ao":0,"shapes":[{"ty":"gr","it":[{"ind":0,"ty":"sh","ix":1,"ks":{"a":0,"k":{"i":[[4.134,16.442],[25.042,-9.435],[0,0],[-25.906,-0.84]],"o":[[-3.512,-13.965],[-25.84,9.735],[0,0],[37.819,1.226]],"v":[[107.43,-31.479],[50.34,-39.131],[-1.886,-4.43],[54.128,-7.717]],"c":true},"ix":2},"nm":"Path 1","mn":"ADBE Vector Shape - Group","hd":false},{"ty":"fl","c":{"a":0,"k":[0.115456525017,0.685369334501,1,1],"ix":4},"o":{"a":0,"k":100,"ix":5},"r":1,"bm":0,"nm":"Fill 1","mn":"ADBE Vector Graphic - Fill","hd":false},{"ty":"tr","p":{"a":0,"k":[0,0],"ix":2},"a":{"a":0,"k":[0,0],"ix":1},"s":{"a":0,"k":[100,100],"ix":3},"r":{"a":0,"k":0,"ix":6},"o":{"a":0,"k":100,"ix":7},"sk":{"a":0,"k":0,"ix":4},"sa":{"a":0,"k":0,"ix":5},"nm":"Transform"}],"nm":"Shape 1","np":2,"cix":2,"bm":0,"ix":1,"mn":"ADBE Vector Group","hd":false}],"ip":0,"op":87,"st":0,"bm":0}]},{"id":"comp_2","layers":[{"ddd":0,"ind":1,"ty":4,"nm":"FLAT","sr":1,"ks":{"o":{"a":0,"k":100,"ix":11},"r":{"a":0,"k":0,"ix":10},"p":{"a":0,"k":[540,540,0],"ix":2},"a":{"a":0,"k":[0,0,0],"ix":1},"s":{"a":0,"k":[100,100,100],"ix":6}},"ao":0,"shapes":[{"ty":"gr","it":[{"d":1,"ty":"el","s":{"a":0,"k":[770,770],"ix":2},"p":{"a":0,"k":[0,0],"ix":3},"nm":"Ellipse Path 1","mn":"ADBE Vector Shape - Ellipse","hd":false},{"ty":"fl","c":{"a":0,"k":[1,0.724767288507,0.105575980392,1],"ix":4},"o":{"a":0,"k":100,"ix":5},"r":1,"bm":0,"nm":"Fill 1","mn":"ADBE Vector Graphic - Fill","hd":false},{"ty":"tr","p":{"a":0,"k":[0,0],"ix":2},"a":{"a":0,"k":[0,0],"ix":1},"s":{"a":0,"k":[100,100],"ix":3},"r":{"a":0,"k":0,"ix":6},"o":{"a":0,"k":100,"ix":7},"sk":{"a":0,"k":0,"ix":4},"sa":{"a":0,"k":0,"ix":5},"nm":"Transform"}],"nm":"Ellipse 1","np":2,"cix":2,"bm":0,"ix":1,"mn":"ADBE Vector Group","hd":false}],"ip":0,"op":3604,"st":0,"bm":0}]}],"layers":[{"ddd":0,"ind":1,"ty":3,"nm":"FACE NULL","parent":9,"sr":1,"ks":{"o":{"a":0,"k":0,"ix":11},"r":{"a":1,"k":[{"i":{"x":[0.48],"y":[1]},"o":{"x":[0.52],"y":[0]},"t":0,"s":[-14]},{"i":{"x":[0.48],"y":[1]},"o":{"x":[0.52],"y":[0]},"t":40,"s":[14.016]},{"i":{"x":[0.23],"y":[1]},"o":{"x":[0.52],"y":[0]},"t":80,"s":[-14.016]},{"i":{"x":[0.23],"y":[1]},"o":{"x":[0.44],"y":[0]},"t":118,"s":[14.016]},{"i":{"x":[0.23],"y":[1]},"o":{"x":[0.44],"y":[0]},"t":156,"s":[-14.016]},{"i":{"x":[0.23],"y":[1]},"o":{"x":[0.44],"y":[0]},"t":196,"s":[14.016]},{"t":234,"s":[-14.016]}],"ix":10},"p":{"s":true,"x":{"a":0,"k":540,"ix":3},"y":{"a":0,"k":540,"ix":4}},"a":{"a":0,"k":[0,0,0],"ix":1},"s":{"a":0,"k":[100,100,100],"ix":6}},"ao":0,"ip":0,"op":112,"st":0,"bm":0},{"ddd":0,"ind":2,"ty":0,"nm":"Tears_Group","parent":1,"refId":"comp_0","sr":1,"ks":{"o":{"a":0,"k":100,"ix":11},"r":{"a":0,"k":-7,"ix":10},"p":{"a":0,"k":[-193.078,-109.113,0],"ix":2},"a":{"a":0,"k":[733.078,430.887,0],"ix":1},"s":{"a":0,"k":[-115,115,100],"ix":6}},"ao":0,"w":1080,"h":1080,"ip":0,"op":112,"st":0,"bm":0},{"ddd":0,"ind":3,"ty":0,"nm":"Tears_Group","parent":1,"refId":"comp_0","sr":1,"ks":{"o":{"a":0,"k":100,"ix":11},"r":{"a":0,"k":7.1,"ix":10},"p":{"a":0,"k":[174.904,-112.719,0],"ix":2},"a":{"a":0,"k":[714.904,427.281,0],"ix":1},"s":{"a":0,"k":[115,115,100],"ix":6}},"ao":0,"w":1080,"h":1080,"ip":38,"op":112,"st":38,"bm":0},{"ddd":0,"ind":4,"ty":0,"nm":"Tears_Group","parent":1,"refId":"comp_0","sr":1,"ks":{"o":{"a":0,"k":100,"ix":11},"r":{"a":0,"k":7.1,"ix":10},"p":{"a":0,"k":[174.904,-112.719,0],"ix":2},"a":{"a":0,"k":[714.904,427.281,0],"ix":1},"s":{"a":0,"k":[115,115,100],"ix":6}},"ao":0,"w":1080,"h":1080,"ip":-41,"op":38,"st":-41,"bm":0},{"ddd":0,"ind":5,"ty":4,"nm":"Teeth / Tongue","parent":1,"sr":1,"ks":{"o":{"a":0,"k":100,"ix":11},"r":{"a":0,"k":0.081,"ix":10},"p":{"a":0,"k":[0.031,-22,0],"ix":2},"a":{"a":0,"k":[0,0,0],"ix":1},"s":{"a":0,"k":[100,100,100],"ix":6}},"ao":0,"hasMask":true,"masksProperties":[{"inv":false,"mode":"a","pt":{"a":1,"k":[{"i":{"x":0.667,"y":1},"o":{"x":0.333,"y":0},"t":0,"s":[{"i":[[0,53.289],[95,0],[40.572,-23.748],[-190,0]],"o":[[-46.831,-19.382],[-95.028,0],[0,54.404],[192,0]],"v":[[245.096,37.46],[0.465,-0.444],[-242.5,37.43],[0.5,266.949]],"c":true}]},{"i":{"x":0.667,"y":1},"o":{"x":0.333,"y":0},"t":13,"s":[{"i":[[0,49.083],[95,0],[31.063,-19.3],[-190,0]],"o":[[-39.211,-15.893],[-95.028,0],[0,50.111],[192,0]],"v":[[245.096,34.631],[2.336,-0.533],[-242.5,34.603],[3.701,243.132]],"c":true}]},{"i":{"x":0.667,"y":1},"o":{"x":0.333,"y":0},"t":25.676,"s":[{"i":[[0,53.289],[95,0],[40.572,-23.748],[-190,0]],"o":[[-46.831,-19.382],[-95.028,0],[0,54.404],[192,0]],"v":[[245.096,37.46],[0.465,-0.444],[-242.5,37.43],[0.5,266.949]],"c":true}]},{"i":{"x":0.667,"y":1},"o":{"x":0.333,"y":0},"t":40,"s":[{"i":[[0,49.083],[95,0],[31.063,-19.3],[-190,0]],"o":[[-39.211,-15.893],[-95.028,0],[0,50.111],[192,0]],"v":[[245.096,34.631],[2.336,-0.533],[-242.5,34.603],[3.701,243.132]],"c":true}]},{"i":{"x":0.667,"y":1},"o":{"x":0.333,"y":0},"t":54.312,"s":[{"i":[[0,53.289],[95,0],[40.572,-23.748],[-190,0]],"o":[[-46.831,-19.382],[-95.028,0],[0,54.404],[192,0]],"v":[[245.096,37.46],[0.465,-0.444],[-242.5,37.43],[0.5,266.949]],"c":true}]},{"i":{"x":0.667,"y":1},"o":{"x":0.333,"y":0},"t":67,"s":[{"i":[[0,49.083],[95,0],[31.063,-19.3],[-190,0]],"o":[[-39.211,-15.893],[-95.028,0],[0,50.111],[192,0]],"v":[[245.096,34.631],[2.336,-0.533],[-242.5,34.603],[3.701,243.132]],"c":true}]},{"t":79,"s":[{"i":[[0,53.289],[95,0],[40.572,-23.748],[-190,0]],"o":[[-46.831,-19.382],[-95.028,0],[0,54.404],[192,0]],"v":[[245.096,37.46],[0.465,-0.444],[-242.5,37.43],[0.5,266.949]],"c":true}]}],"ix":1},"o":{"a":0,"k":100,"ix":3},"x":{"a":0,"k":0,"ix":4},"nm":"Mask 1"}],"shapes":[{"ty":"gr","it":[{"d":1,"ty":"el","s":{"a":0,"k":[995.6,995.6],"ix":2},"p":{"a":0,"k":[0,0],"ix":3},"nm":"Ellipse Path 1","mn":"ADBE Vector Shape - Ellipse","hd":false},{"ty":"fl","c":{"a":0,"k":[0.748483479023,0.202622532845,0.202622532845,1],"ix":4},"o":{"a":0,"k":100,"ix":5},"r":1,"bm":0,"nm":"Fill 1","mn":"ADBE Vector Graphic - Fill","hd":false},{"ty":"tr","p":{"a":1,"k":[{"i":{"x":0.667,"y":1},"o":{"x":0.333,"y":0},"t":0,"s":[-0.594,330.02],"to":[0,-4.5],"ti":[0,0]},{"i":{"x":0.667,"y":1},"o":{"x":0.333,"y":0},"t":13,"s":[-0.594,303.02],"to":[0,0],"ti":[0,0]},{"i":{"x":0.667,"y":1},"o":{"x":0.333,"y":0},"t":25.676,"s":[-0.594,330.02],"to":[0,0],"ti":[0,0]},{"i":{"x":0.667,"y":1},"o":{"x":0.333,"y":0},"t":40,"s":[-0.594,303.02],"to":[0,0],"ti":[0,0]},{"i":{"x":0.667,"y":1},"o":{"x":0.333,"y":0},"t":54.312,"s":[-0.594,330.02],"to":[0,0],"ti":[0,0]},{"i":{"x":0.667,"y":1},"o":{"x":0.333,"y":0},"t":67,"s":[-0.594,303.02],"to":[0,0],"ti":[0,-4.5]},{"t":79,"s":[-0.594,330.02]}],"ix":2},"a":{"a":0,"k":[0,-21.5],"ix":1},"s":{"a":0,"k":[59.237,28.923],"ix":3},"r":{"a":0,"k":0,"ix":6},"o":{"a":0,"k":100,"ix":7},"sk":{"a":0,"k":0,"ix":4},"sa":{"a":0,"k":0,"ix":5},"nm":"Transform"}],"nm":"Tongue","np":2,"cix":2,"bm":0,"ix":1,"mn":"ADBE Vector Group","hd":false},{"ty":"gr","it":[{"d":1,"ty":"el","s":{"a":0,"k":[1080,1080],"ix":2},"p":{"a":0,"k":[0,0],"ix":3},"nm":"Ellipse Path 1","mn":"ADBE Vector Shape - Ellipse","hd":false},{"ty":"fl","c":{"a":0,"k":[1,1,1,1],"ix":4},"o":{"a":0,"k":100,"ix":5},"r":1,"bm":0,"nm":"Fill 1","mn":"ADBE Vector Graphic - Fill","hd":false},{"ty":"tr","p":{"a":0,"k":[0,-117.766],"ix":2},"a":{"a":0,"k":[0,0],"ix":1},"s":{"a":0,"k":[100,28.923],"ix":3},"r":{"a":0,"k":0,"ix":6},"o":{"a":0,"k":100,"ix":7},"sk":{"a":0,"k":0,"ix":4},"sa":{"a":0,"k":0,"ix":5},"nm":"Transform"}],"nm":"Teeth","np":2,"cix":2,"bm":0,"ix":2,"mn":"ADBE Vector Group","hd":false}],"ip":0,"op":112,"st":0,"bm":0},{"ddd":0,"ind":6,"ty":4,"nm":"Mouth ","parent":1,"sr":1,"ks":{"o":{"a":0,"k":100,"ix":11},"r":{"a":0,"k":0.081,"ix":10},"p":{"a":0,"k":[0.031,-22.211,0],"ix":2},"a":{"a":0,"k":[0,0,0],"ix":1},"s":{"a":0,"k":[100,100,100],"ix":6}},"ao":0,"shapes":[{"ty":"gr","it":[{"ind":0,"ty":"sh","ix":1,"ks":{"a":1,"k":[{"i":{"x":0.667,"y":1},"o":{"x":0.333,"y":0},"t":0,"s":[{"i":[[0,53.289],[95,0],[41,-20.51],[-190,0]],"o":[[-46.596,-16.197],[-95.028,0],[0,54.404],[192,0]],"v":[[244.596,36.96],[1,1.115],[-243,36.93],[0,266.449]],"c":true}]},{"i":{"x":0.667,"y":1},"o":{"x":0.333,"y":0},"t":13,"s":[{"i":[[0,49.083],[95,0],[41,-18.892],[-190,0]],"o":[[-46.596,-14.919],[-95.028,0],[0,50.111],[192,0]],"v":[[244.596,34.131],[1,1.115],[-243,34.103],[3.201,242.632]],"c":true}]},{"i":{"x":0.667,"y":1},"o":{"x":0.333,"y":0},"t":25.676,"s":[{"i":[[0,53.289],[95,0],[41,-20.51],[-190,0]],"o":[[-46.596,-16.197],[-95.028,0],[0,54.404],[192,0]],"v":[[244.596,36.96],[1,1.115],[-243,36.93],[0,266.449]],"c":true}]},{"i":{"x":0.667,"y":1},"o":{"x":0.333,"y":0},"t":40,"s":[{"i":[[0,49.083],[95,0],[41,-18.892],[-190,0]],"o":[[-46.596,-14.919],[-95.028,0],[0,50.111],[192,0]],"v":[[244.596,34.131],[1,1.115],[-243,34.103],[3.201,242.632]],"c":true}]},{"i":{"x":0.667,"y":1},"o":{"x":0.333,"y":0},"t":54.312,"s":[{"i":[[0,53.289],[95,0],[41,-20.51],[-190,0]],"o":[[-46.596,-16.197],[-95.028,0],[0,54.404],[192,0]],"v":[[244.596,36.96],[1,1.115],[-243,36.93],[0,266.449]],"c":true}]},{"i":{"x":0.667,"y":1},"o":{"x":0.333,"y":0},"t":67,"s":[{"i":[[0,49.083],[95,0],[41,-18.892],[-190,0]],"o":[[-46.596,-14.919],[-95.028,0],[0,50.111],[192,0]],"v":[[244.596,34.131],[1,1.115],[-243,34.103],[3.201,242.632]],"c":true}]},{"t":79,"s":[{"i":[[0,53.289],[95,0],[41,-20.51],[-190,0]],"o":[[-46.596,-16.197],[-95.028,0],[0,54.404],[192,0]],"v":[[244.596,36.96],[1,1.115],[-243,36.93],[0,266.449]],"c":true}]}],"ix":2},"nm":"Path 1","mn":"ADBE Vector Shape - Group","hd":false},{"ty":"fl","c":{"a":0,"k":[0.102987132353,0.102987132353,0.102987132353,1],"ix":4},"o":{"a":0,"k":100,"ix":5},"r":1,"bm":0,"nm":"Fill 1","mn":"ADBE Vector Graphic - Fill","hd":false},{"ty":"tr","p":{"a":0,"k":[0,0],"ix":2},"a":{"a":0,"k":[0,0],"ix":1},"s":{"a":0,"k":[100,100],"ix":3},"r":{"a":0,"k":0,"ix":6},"o":{"a":0,"k":100,"ix":7},"sk":{"a":0,"k":0,"ix":4},"sa":{"a":0,"k":0,"ix":5},"nm":"Transform"}],"nm":"Ellipse 1","np":2,"cix":2,"bm":0,"ix":1,"mn":"ADBE Vector Group","hd":false}],"ip":0,"op":112,"st":-60,"bm":0},{"ddd":0,"ind":7,"ty":4,"nm":"R Eye ","parent":1,"sr":1,"ks":{"o":{"a":0,"k":100,"ix":11},"r":{"a":0,"k":0,"ix":10},"p":{"a":0,"k":[20,-40,0],"ix":2},"a":{"a":0,"k":[0,0,0],"ix":1},"s":{"a":0,"k":[-100,100,100],"ix":6}},"ao":0,"shapes":[{"ty":"gr","it":[{"ind":0,"ty":"sh","ix":1,"ks":{"a":0,"k":{"i":[[-39.608,7.376],[0,0],[25.664,-23.966]],"o":[[74.171,-13.813],[0,0],[-26.374,24.629]],"v":[[-178.361,-92.187],[-75.142,-74.702],[-156.928,-42.551]],"c":false},"ix":2},"nm":"Path 1","mn":"ADBE Vector Shape - Group","hd":false},{"ty":"st","c":{"a":0,"k":[0,0,0,1],"ix":3},"o":{"a":0,"k":100,"ix":4},"w":{"a":0,"k":25,"ix":5},"lc":2,"lj":2,"bm":0,"nm":"Stroke 1","mn":"ADBE Vector Graphic - Stroke","hd":false},{"ty":"tr","p":{"a":0,"k":[0,0],"ix":2},"a":{"a":0,"k":[0,0],"ix":1},"s":{"a":0,"k":[100,100],"ix":3},"r":{"a":0,"k":0,"ix":6},"o":{"a":0,"k":100,"ix":7},"sk":{"a":0,"k":0,"ix":4},"sa":{"a":0,"k":0,"ix":5},"nm":"Transform"}],"nm":"Ellipse 1","np":2,"cix":2,"bm":0,"ix":1,"mn":"ADBE Vector Group","hd":false}],"ip":0,"op":112,"st":0,"bm":0},{"ddd":0,"ind":8,"ty":4,"nm":"L Eye ","parent":1,"sr":1,"ks":{"o":{"a":0,"k":100,"ix":11},"r":{"a":0,"k":0,"ix":10},"p":{"a":0,"k":[-20,-40,0],"ix":2},"a":{"a":0,"k":[0,0,0],"ix":1},"s":{"a":0,"k":[100,100,100],"ix":6}},"ao":0,"shapes":[{"ty":"gr","it":[{"ind":0,"ty":"sh","ix":1,"ks":{"a":0,"k":{"i":[[-39.608,7.376],[0,0],[25.664,-23.966]],"o":[[74.171,-13.813],[0,0],[-26.374,24.629]],"v":[[-178.361,-92.187],[-75.142,-74.702],[-156.928,-42.551]],"c":false},"ix":2},"nm":"Path 1","mn":"ADBE Vector Shape - Group","hd":false},{"ty":"st","c":{"a":0,"k":[0,0,0,1],"ix":3},"o":{"a":0,"k":100,"ix":4},"w":{"a":0,"k":25,"ix":5},"lc":2,"lj":2,"bm":0,"nm":"Stroke 1","mn":"ADBE Vector Graphic - Stroke","hd":false},{"ty":"tr","p":{"a":0,"k":[0,0],"ix":2},"a":{"a":0,"k":[0,0],"ix":1},"s":{"a":0,"k":[100,100],"ix":3},"r":{"a":0,"k":0,"ix":6},"o":{"a":0,"k":100,"ix":7},"sk":{"a":0,"k":0,"ix":4},"sa":{"a":0,"k":0,"ix":5},"nm":"Transform"}],"nm":"Ellipse 1","np":2,"cix":2,"bm":0,"ix":1,"mn":"ADBE Vector Group","hd":false}],"ip":0,"op":112,"st":0,"bm":0},{"ddd":0,"ind":9,"ty":0,"nm":"HEAD_GLOBAL PRECOMP","refId":"comp_2","sr":1,"ks":{"o":{"a":0,"k":100,"ix":11},"r":{"a":0,"k":0,"ix":10},"p":{"s":true,"x":{"a":0,"k":540,"ix":3},"y":{"a":0,"k":540,"ix":4}},"a":{"a":0,"k":[540,540,0],"ix":1},"s":{"a":0,"k":[100,100,100],"ix":6}},"ao":0,"w":1080,"h":1080,"ip":0,"op":112,"st":0,"bm":0}],"markers":[{"tm":79,"cm":"LOOP","dr":0}]}