{"v":"5.6.10","fr":60,"ip":0,"op":157,"w":1080,"h":1080,"nm":"Laughing_MAIN","ddd":0,"assets":[{"id":"comp_0","layers":[{"ddd":0,"ind":1,"ty":4,"nm":"Mouth ","sr":1,"ks":{"o":{"a":0,"k":100,"ix":11},"r":{"a":0,"k":5.5,"ix":10},"p":{"a":0,"k":[513.904,479.272,0],"ix":2},"a":{"a":0,"k":[0,0,0],"ix":1},"s":{"a":0,"k":[100,100,100],"ix":6}},"ao":0,"shapes":[{"ty":"gr","it":[{"ind":0,"ty":"sh","ix":1,"ks":{"a":1,"k":[{"i":{"x":0.667,"y":1},"o":{"x":0.333,"y":0},"t":0,"s":[{"i":[[0,49.082],[95,0],[41,-18.891],[-190,0]],"o":[[-46.596,-14.918],[-95.028,0],[0,50.109],[192,0]],"v":[[244.596,34.13],[1,1.115],[-243,34.102],[3.261,225.613]],"c":true}]},{"i":{"x":0.833,"y":1},"o":{"x":0.333,"y":0},"t":11.189,"s":[{"i":[[0,53.289],[95,0],[41,-20.51],[-190,0]],"o":[[-46.596,-16.197],[-95.028,0],[0,54.404],[192,0]],"v":[[244.596,36.96],[1,1.115],[-243,36.93],[0,266.449]],"c":true}]},{"i":{"x":0.667,"y":1},"o":{"x":0.333,"y":0},"t":22.379,"s":[{"i":[[0,49.082],[95,0],[41,-18.891],[-190,0]],"o":[[-46.596,-14.918],[-95.028,0],[0,50.109],[192,0]],"v":[[244.596,34.13],[1,1.115],[-243,34.102],[3.261,225.613]],"c":true}]},{"i":{"x":0.833,"y":1},"o":{"x":0.333,"y":0},"t":34,"s":[{"i":[[0,53.289],[95,0],[41,-20.51],[-190,0]],"o":[[-46.596,-16.197],[-95.028,0],[0,54.404],[192,0]],"v":[[244.596,36.96],[1,1.115],[-243,36.93],[0,266.449]],"c":true}]},{"i":{"x":0.667,"y":1},"o":{"x":0.333,"y":0},"t":44.762,"s":[{"i":[[0,49.082],[95,0],[41,-18.891],[-190,0]],"o":[[-46.596,-14.918],[-95.028,0],[0,50.109],[192,0]],"v":[[244.596,34.13],[1,1.115],[-243,34.102],[3.261,225.613]],"c":true}]},{"i":{"x":0.833,"y":1},"o":{"x":0.333,"y":0},"t":56,"s":[{"i":[[0,53.289],[95,0],[41,-20.51],[-190,0]],"o":[[-46.596,-16.197],[-95.028,0],[0,54.404],[192,0]],"v":[[244.596,36.96],[1,1.115],[-243,36.93],[0,266.449]],"c":true}]},{"i":{"x":0.667,"y":1},"o":{"x":0.333,"y":0},"t":67.143,"s":[{"i":[[0,49.082],[95,0],[41,-18.891],[-190,0]],"o":[[-46.596,-14.918],[-95.028,0],[0,50.109],[192,0]],"v":[[244.596,34.13],[1,1.115],[-243,34.102],[3.261,225.613]],"c":true}]},{"i":{"x":0.833,"y":1},"o":{"x":0.333,"y":0},"t":78.33,"s":[{"i":[[0,53.289],[95,0],[41,-20.51],[-190,0]],"o":[[-46.596,-16.197],[-95.028,0],[0,54.404],[192,0]],"v":[[244.596,36.96],[1,1.115],[-243,36.93],[0,266.449]],"c":true}]},{"i":{"x":0.667,"y":1},"o":{"x":0.333,"y":0},"t":89.525,"s":[{"i":[[0,49.082],[95,0],[41,-18.891],[-190,0]],"o":[[-46.596,-14.918],[-95.028,0],[0,50.109],[192,0]],"v":[[244.596,34.13],[1,1.115],[-243,34.102],[3.261,225.613]],"c":true}]},{"i":{"x":0.833,"y":1},"o":{"x":0.333,"y":0},"t":100.713,"s":[{"i":[[0,53.289],[95,0],[41,-20.51],[-190,0]],"o":[[-46.596,-16.197],[-95.028,0],[0,54.404],[192,0]],"v":[[244.596,36.96],[1,1.115],[-243,36.93],[0,266.449]],"c":true}]},{"i":{"x":0.667,"y":1},"o":{"x":0.333,"y":0},"t":111.902,"s":[{"i":[[0,49.082],[95,0],[41,-18.891],[-190,0]],"o":[[-46.596,-14.918],[-95.028,0],[0,50.109],[192,0]],"v":[[244.596,34.13],[1,1.115],[-243,34.102],[3.261,225.613]],"c":true}]},{"i":{"x":0.833,"y":1},"o":{"x":0.333,"y":0},"t":123.092,"s":[{"i":[[0,53.289],[95,0],[41,-20.51],[-190,0]],"o":[[-46.596,-16.197],[-95.028,0],[0,54.404],[192,0]],"v":[[244.596,36.96],[1,1.115],[-243,36.93],[0,266.449]],"c":true}]},{"i":{"x":0.667,"y":1},"o":{"x":0.333,"y":0},"t":134.281,"s":[{"i":[[0,49.082],[95,0],[41,-18.891],[-190,0]],"o":[[-46.596,-14.918],[-95.028,0],[0,50.109],[192,0]],"v":[[244.596,34.13],[1,1.115],[-243,34.102],[3.261,225.613]],"c":true}]},{"i":{"x":0.833,"y":1},"o":{"x":0.333,"y":0},"t":145.475,"s":[{"i":[[0,53.289],[95,0],[41,-20.51],[-190,0]],"o":[[-46.596,-16.197],[-95.028,0],[0,54.404],[192,0]],"v":[[244.596,36.96],[1,1.115],[-243,36.93],[0,266.449]],"c":true}]},{"i":{"x":0.667,"y":1},"o":{"x":0.333,"y":0},"t":156.664,"s":[{"i":[[0,49.082],[95,0],[41,-18.891],[-190,0]],"o":[[-46.596,-14.918],[-95.028,0],[0,50.109],[192,0]],"v":[[244.596,34.13],[1,1.115],[-243,34.102],[3.261,225.613]],"c":true}]},{"i":{"x":0.833,"y":1},"o":{"x":0.333,"y":0},"t":167.854,"s":[{"i":[[0,53.289],[95,0],[41,-20.51],[-190,0]],"o":[[-46.596,-16.197],[-95.028,0],[0,54.404],[192,0]],"v":[[244.596,36.96],[1,1.115],[-243,36.93],[0,266.449]],"c":true}]},{"i":{"x":0.667,"y":1},"o":{"x":0.333,"y":0},"t":179.041,"s":[{"i":[[0,49.082],[95,0],[41,-18.891],[-190,0]],"o":[[-46.596,-14.918],[-95.028,0],[0,50.109],[192,0]],"v":[[244.596,34.13],[1,1.115],[-243,34.102],[3.261,225.613]],"c":true}]},{"i":{"x":0.833,"y":1},"o":{"x":0.333,"y":0},"t":190.23,"s":[{"i":[[0,53.289],[95,0],[41,-20.51],[-190,0]],"o":[[-46.596,-16.197],[-95.028,0],[0,54.404],[192,0]],"v":[[244.596,36.96],[1,1.115],[-243,36.93],[0,266.449]],"c":true}]},{"t":201.42578125,"s":[{"i":[[0,49.082],[95,0],[41,-18.891],[-190,0]],"o":[[-46.596,-14.918],[-95.028,0],[0,50.109],[192,0]],"v":[[244.596,34.13],[1,1.115],[-243,34.102],[3.261,225.613]],"c":true}]}],"ix":2},"nm":"Path 1","mn":"ADBE Vector Shape - Group","hd":false},{"ty":"fl","c":{"a":0,"k":[0.102987132353,0.102987132353,0.102987132353,1],"ix":4},"o":{"a":0,"k":100,"ix":5},"r":1,"bm":0,"nm":"Fill 1","mn":"ADBE Vector Graphic - Fill","hd":false},{"ty":"tr","p":{"a":0,"k":[0,0],"ix":2},"a":{"a":0,"k":[0,0],"ix":1},"s":{"a":0,"k":[100,100],"ix":3},"r":{"a":0,"k":0,"ix":6},"o":{"a":0,"k":100,"ix":7},"sk":{"a":0,"k":0,"ix":4},"sa":{"a":0,"k":0,"ix":5},"nm":"Transform"}],"nm":"Ellipse 1","np":2,"cix":2,"bm":0,"ix":1,"mn":"ADBE Vector Group","hd":false}],"ip":-1,"op":869,"st":-61,"bm":0}]},{"id":"comp_1","layers":[{"ddd":0,"ind":1,"ty":4,"nm":"FLAT","sr":1,"ks":{"o":{"a":0,"k":100,"ix":11},"r":{"a":0,"k":0,"ix":10},"p":{"a":0,"k":[540,540,0],"ix":2},"a":{"a":0,"k":[0,0,0],"ix":1},"s":{"a":0,"k":[100,100,100],"ix":6}},"ao":0,"shapes":[{"ty":"gr","it":[{"d":1,"ty":"el","s":{"a":0,"k":[770,770],"ix":2},"p":{"a":0,"k":[0,0],"ix":3},"nm":"Ellipse Path 1","mn":"ADBE Vector Shape - Ellipse","hd":false},{"ty":"fl","c":{"a":0,"k":[1,0.724767288507,0.105575980392,1],"ix":4},"o":{"a":0,"k":100,"ix":5},"r":1,"bm":0,"nm":"Fill 1","mn":"ADBE Vector Graphic - Fill","hd":false},{"ty":"tr","p":{"a":0,"k":[0,0],"ix":2},"a":{"a":0,"k":[0,0],"ix":1},"s":{"a":0,"k":[100,100],"ix":3},"r":{"a":0,"k":0,"ix":6},"o":{"a":0,"k":100,"ix":7},"sk":{"a":0,"k":0,"ix":4},"sa":{"a":0,"k":0,"ix":5},"nm":"Transform"}],"nm":"Ellipse 1","np":2,"cix":2,"bm":0,"ix":1,"mn":"ADBE Vector Group","hd":false}],"ip":0,"op":3604,"st":0,"bm":0}]}],"layers":[{"ddd":0,"ind":1,"ty":3,"nm":"Up n Down_NULL","parent":8,"sr":1,"ks":{"o":{"a":0,"k":0,"ix":11},"r":{"a":0,"k":0,"ix":10},"p":{"s":true,"x":{"a":0,"k":540,"ix":3},"y":{"a":1,"k":[{"i":{"x":[0.667],"y":[1]},"o":{"x":[0.333],"y":[0]},"t":-11.188,"s":[531.115]},{"i":{"x":[0.667],"y":[1]},"o":{"x":[0.333],"y":[0]},"t":0,"s":[509.922]},{"i":{"x":[0.667],"y":[1]},"o":{"x":[0.333],"y":[0]},"t":11.191,"s":[531.115]},{"i":{"x":[0.667],"y":[1]},"o":{"x":[0.333],"y":[0]},"t":22.381,"s":[509.922]},{"i":{"x":[0.667],"y":[1]},"o":{"x":[0.333],"y":[0]},"t":34,"s":[580.815]},{"i":{"x":[0.667],"y":[1]},"o":{"x":[0.333],"y":[0]},"t":44.762,"s":[509.922]},{"i":{"x":[0.667],"y":[1]},"o":{"x":[0.333],"y":[0]},"t":56,"s":[531.115]},{"i":{"x":[0.667],"y":[1]},"o":{"x":[0.333],"y":[0]},"t":67.145,"s":[509.922]},{"i":{"x":[0.667],"y":[1]},"o":{"x":[0.333],"y":[0]},"t":78.334,"s":[531.115]},{"i":{"x":[0.667],"y":[1]},"o":{"x":[0.333],"y":[0]},"t":89.525,"s":[509.922]},{"i":{"x":[0.667],"y":[1]},"o":{"x":[0.333],"y":[0]},"t":100.713,"s":[531.115]},{"i":{"x":[0.667],"y":[1]},"o":{"x":[0.333],"y":[0]},"t":111.902,"s":[509.922]},{"i":{"x":[0.667],"y":[1]},"o":{"x":[0.333],"y":[0]},"t":123,"s":[572.515]},{"i":{"x":[0.667],"y":[1]},"o":{"x":[0.333],"y":[0]},"t":134.283,"s":[509.922]},{"i":{"x":[0.667],"y":[1]},"o":{"x":[0.333],"y":[0]},"t":145.475,"s":[531.115]},{"i":{"x":[0.667],"y":[1]},"o":{"x":[0.333],"y":[0]},"t":156.664,"s":[509.922]},{"i":{"x":[0.667],"y":[1]},"o":{"x":[0.333],"y":[0]},"t":167.854,"s":[531.115]},{"i":{"x":[0.667],"y":[1]},"o":{"x":[0.333],"y":[0]},"t":179.045,"s":[509.922]},{"i":{"x":[0.667],"y":[1]},"o":{"x":[0.333],"y":[0]},"t":190.234,"s":[531.115]},{"t":201.42578125,"s":[509.922]}],"ix":4}},"a":{"a":0,"k":[0,0,0],"ix":1},"s":{"a":0,"k":[100,100,100],"ix":6}},"ao":0,"ip":-1,"op":711,"st":-1,"bm":0},{"ddd":0,"ind":2,"ty":3,"nm":"FACE NULL","parent":1,"sr":1,"ks":{"o":{"a":0,"k":0,"ix":11},"r":{"a":0,"k":0,"ix":10},"p":{"a":1,"k":[{"i":{"x":0.23,"y":1},"o":{"x":0.77,"y":0},"t":5,"s":[-30,-9,0],"to":[10,0,0],"ti":[-10,0,0]},{"i":{"x":0.23,"y":0.23},"o":{"x":0.77,"y":0.77},"t":67,"s":[30,-9,0],"to":[0,0,0],"ti":[0,0,0]},{"i":{"x":0.23,"y":1},"o":{"x":0.77,"y":0},"t":101,"s":[30,-9,0],"to":[-10,0,0],"ti":[10,0,0]},{"t":156.287109375,"s":[-30,-9,0]}],"ix":2},"a":{"a":0,"k":[0,0,0],"ix":1},"s":{"a":0,"k":[100,100,100],"ix":6}},"ao":0,"ip":-1,"op":711,"st":-1,"bm":0},{"ddd":0,"ind":3,"ty":4,"nm":"R Eye","parent":2,"sr":1,"ks":{"o":{"a":0,"k":100,"ix":11},"r":{"a":0,"k":0,"ix":10},"p":{"a":0,"k":[20,-40,0],"ix":2},"a":{"a":0,"k":[0,0,0],"ix":1},"s":{"a":0,"k":[-100,100,100],"ix":6}},"ao":0,"shapes":[{"ty":"gr","it":[{"ind":0,"ty":"sh","ix":1,"ks":{"a":0,"k":{"i":[[0,22.368],[-22.368,0],[0,-22.368]],"o":[[0,-22.368],[22.368,0],[0,22.368]],"v":[[-154,-46.005],[-113.5,-86.505],[-73,-46.005]],"c":false},"ix":2},"nm":"Path 1","mn":"ADBE Vector Shape - Group","hd":false},{"ty":"st","c":{"a":0,"k":[0,0,0,1],"ix":3},"o":{"a":0,"k":100,"ix":4},"w":{"a":0,"k":25,"ix":5},"lc":2,"lj":1,"ml":4,"bm":0,"nm":"Stroke 1","mn":"ADBE Vector Graphic - Stroke","hd":false},{"ty":"tr","p":{"a":0,"k":[0,0],"ix":2},"a":{"a":0,"k":[0,0],"ix":1},"s":{"a":0,"k":[100,100],"ix":3},"r":{"a":0,"k":0,"ix":6},"o":{"a":0,"k":100,"ix":7},"sk":{"a":0,"k":0,"ix":4},"sa":{"a":0,"k":0,"ix":5},"nm":"Transform"}],"nm":"Ellipse 1","np":2,"cix":2,"bm":0,"ix":1,"mn":"ADBE Vector Group","hd":false}],"ip":-19,"op":851,"st":-19,"bm":0},{"ddd":0,"ind":4,"ty":4,"nm":"L Eye","parent":2,"sr":1,"ks":{"o":{"a":0,"k":100,"ix":11},"r":{"a":0,"k":0,"ix":10},"p":{"a":0,"k":[-20,-40,0],"ix":2},"a":{"a":0,"k":[0,0,0],"ix":1},"s":{"a":0,"k":[100,100,100],"ix":6}},"ao":0,"shapes":[{"ty":"gr","it":[{"ind":0,"ty":"sh","ix":1,"ks":{"a":0,"k":{"i":[[0,22.368],[-22.368,0],[0,-22.368]],"o":[[0,-22.368],[22.368,0],[0,22.368]],"v":[[-154,-46.005],[-113.5,-86.505],[-73,-46.005]],"c":false},"ix":2},"nm":"Path 1","mn":"ADBE Vector Shape - Group","hd":false},{"ty":"st","c":{"a":0,"k":[0,0,0,1],"ix":3},"o":{"a":0,"k":100,"ix":4},"w":{"a":0,"k":25,"ix":5},"lc":2,"lj":1,"ml":4,"bm":0,"nm":"Stroke 1","mn":"ADBE Vector Graphic - Stroke","hd":false},{"ty":"tr","p":{"a":0,"k":[0,0],"ix":2},"a":{"a":0,"k":[0,0],"ix":1},"s":{"a":0,"k":[100,100],"ix":3},"r":{"a":0,"k":0,"ix":6},"o":{"a":0,"k":100,"ix":7},"sk":{"a":0,"k":0,"ix":4},"sa":{"a":0,"k":0,"ix":5},"nm":"Transform"}],"nm":"Ellipse 1","np":2,"cix":2,"bm":0,"ix":1,"mn":"ADBE Vector Group","hd":false}],"ip":-19,"op":851,"st":-19,"bm":0},{"ddd":0,"ind":5,"ty":4,"nm":"Teeth / Tongue","parent":2,"sr":1,"ks":{"o":{"a":0,"k":100,"ix":11},"r":{"a":0,"k":0,"ix":10},"p":{"a":0,"k":[0,0,0],"ix":2},"a":{"a":0,"k":[0,0,0],"ix":1},"s":{"a":0,"k":[100,100,100],"ix":6}},"ao":0,"hasMask":true,"masksProperties":[{"inv":false,"mode":"a","pt":{"a":1,"k":[{"i":{"x":0.667,"y":1},"o":{"x":0.333,"y":0},"t":0,"s":[{"i":[[0,49.082],[95,0],[34.55,-20.086],[-190,0]],"o":[[-41.76,-16.015],[-95.028,0],[0,50.109],[192,0]],"v":[[245.096,34.63],[0.313,-0.28],[-242.5,34.602],[3.761,226.113]],"c":true}]},{"i":{"x":0.833,"y":1},"o":{"x":0.333,"y":0},"t":11,"s":[{"i":[[0,53.285],[95,0],[40.995,-20.51],[-190,0]],"o":[[-46.592,-16.197],[-95.028,0],[0,54.401],[192,0]],"v":[[244.457,36.011],[2.305,-0.472],[-243.14,35.981],[0.503,266.914]],"c":true}]},{"i":{"x":0.667,"y":1},"o":{"x":0.333,"y":0},"t":22.379,"s":[{"i":[[0,49.082],[95,0],[34.55,-20.086],[-190,0]],"o":[[-41.76,-16.015],[-95.028,0],[0,50.109],[192,0]],"v":[[245.096,34.63],[0.313,-0.28],[-242.5,34.602],[3.761,226.113]],"c":true}]},{"i":{"x":0.833,"y":1},"o":{"x":0.333,"y":0},"t":34,"s":[{"i":[[0,53.285],[95,0],[40.995,-20.51],[-190,0]],"o":[[-46.592,-16.197],[-95.028,0],[0,54.401],[192,0]],"v":[[244.457,36.011],[2.305,-0.472],[-243.14,35.981],[0.503,266.914]],"c":true}]},{"i":{"x":0.667,"y":1},"o":{"x":0.333,"y":0},"t":44.762,"s":[{"i":[[0,49.082],[95,0],[34.55,-20.086],[-190,0]],"o":[[-41.76,-16.015],[-95.028,0],[0,50.109],[192,0]],"v":[[245.096,34.63],[0.313,-0.28],[-242.5,34.602],[3.761,226.113]],"c":true}]},{"i":{"x":0.833,"y":1},"o":{"x":0.333,"y":0},"t":56,"s":[{"i":[[0,53.285],[95,0],[40.995,-20.51],[-190,0]],"o":[[-46.592,-16.197],[-95.028,0],[0,54.401],[192,0]],"v":[[244.457,36.011],[2.305,-0.472],[-243.14,35.981],[0.503,266.914]],"c":true}]},{"i":{"x":0.667,"y":1},"o":{"x":0.333,"y":0},"t":67.143,"s":[{"i":[[0,49.082],[95,0],[34.55,-20.086],[-190,0]],"o":[[-41.76,-16.015],[-95.028,0],[0,50.109],[192,0]],"v":[[245.096,34.63],[0.313,-0.28],[-242.5,34.602],[3.761,226.113]],"c":true}]},{"i":{"x":0.833,"y":1},"o":{"x":0.333,"y":0},"t":78.33,"s":[{"i":[[0,53.285],[95,0],[40.995,-20.51],[-190,0]],"o":[[-46.592,-16.197],[-95.028,0],[0,54.401],[192,0]],"v":[[244.457,36.011],[2.305,-0.472],[-243.14,35.981],[0.503,266.914]],"c":true}]},{"i":{"x":0.667,"y":1},"o":{"x":0.333,"y":0},"t":89.525,"s":[{"i":[[0,49.082],[95,0],[34.55,-20.086],[-190,0]],"o":[[-41.76,-16.015],[-95.028,0],[0,50.109],[192,0]],"v":[[245.096,34.63],[0.313,-0.28],[-242.5,34.602],[3.761,226.113]],"c":true}]},{"i":{"x":0.833,"y":1},"o":{"x":0.333,"y":0},"t":100.713,"s":[{"i":[[0,53.285],[95,0],[40.995,-20.51],[-190,0]],"o":[[-46.592,-16.197],[-95.028,0],[0,54.401],[192,0]],"v":[[244.457,36.011],[2.305,-0.472],[-243.14,35.981],[0.503,266.914]],"c":true}]},{"i":{"x":0.667,"y":1},"o":{"x":0.333,"y":0},"t":111.902,"s":[{"i":[[0,49.082],[95,0],[34.55,-20.086],[-190,0]],"o":[[-41.76,-16.015],[-95.028,0],[0,50.109],[192,0]],"v":[[245.096,34.63],[0.313,-0.28],[-242.5,34.602],[3.761,226.113]],"c":true}]},{"i":{"x":0.833,"y":1},"o":{"x":0.333,"y":0},"t":123.092,"s":[{"i":[[0,53.285],[95,0],[40.995,-20.51],[-190,0]],"o":[[-46.592,-16.197],[-95.028,0],[0,54.401],[192,0]],"v":[[244.457,36.011],[2.305,-0.472],[-243.14,35.981],[0.503,266.914]],"c":true}]},{"i":{"x":0.667,"y":1},"o":{"x":0.333,"y":0},"t":134.281,"s":[{"i":[[0,49.082],[95,0],[34.55,-20.086],[-190,0]],"o":[[-41.76,-16.015],[-95.028,0],[0,50.109],[192,0]],"v":[[245.096,34.63],[0.313,-0.28],[-242.5,34.602],[3.761,226.113]],"c":true}]},{"i":{"x":0.833,"y":1},"o":{"x":0.333,"y":0},"t":145.475,"s":[{"i":[[0,53.285],[95,0],[40.995,-20.51],[-190,0]],"o":[[-46.592,-16.197],[-95.028,0],[0,54.401],[192,0]],"v":[[244.457,36.011],[2.305,-0.472],[-243.14,35.981],[0.503,266.914]],"c":true}]},{"i":{"x":0.667,"y":1},"o":{"x":0.333,"y":0},"t":156.664,"s":[{"i":[[0,49.082],[95,0],[34.55,-20.086],[-190,0]],"o":[[-41.76,-16.015],[-95.028,0],[0,50.109],[192,0]],"v":[[245.096,34.63],[0.313,-0.28],[-242.5,34.602],[3.761,226.113]],"c":true}]},{"i":{"x":0.833,"y":1},"o":{"x":0.333,"y":0},"t":167.854,"s":[{"i":[[0,53.285],[95,0],[40.995,-20.51],[-190,0]],"o":[[-46.592,-16.197],[-95.028,0],[0,54.401],[192,0]],"v":[[244.457,36.011],[2.305,-0.472],[-243.14,35.981],[0.503,266.914]],"c":true}]},{"i":{"x":0.667,"y":1},"o":{"x":0.333,"y":0},"t":179.041,"s":[{"i":[[0,49.082],[95,0],[34.55,-20.086],[-190,0]],"o":[[-41.76,-16.015],[-95.028,0],[0,50.109],[192,0]],"v":[[245.096,34.63],[0.313,-0.28],[-242.5,34.602],[3.761,226.113]],"c":true}]},{"i":{"x":0.833,"y":1},"o":{"x":0.333,"y":0},"t":190.23,"s":[{"i":[[0,53.285],[95,0],[40.995,-20.51],[-190,0]],"o":[[-46.592,-16.197],[-95.028,0],[0,54.401],[192,0]],"v":[[244.457,36.011],[2.305,-0.472],[-243.14,35.981],[0.503,266.914]],"c":true}]},{"t":201.42578125,"s":[{"i":[[0,49.082],[95,0],[34.55,-20.086],[-190,0]],"o":[[-41.76,-16.015],[-95.028,0],[0,50.109],[192,0]],"v":[[245.096,34.63],[0.313,-0.28],[-242.5,34.602],[3.761,226.113]],"c":true}]}],"ix":1},"o":{"a":0,"k":100,"ix":3},"x":{"a":0,"k":0,"ix":4},"nm":"Mask 1"}],"shapes":[{"ty":"gr","it":[{"d":1,"ty":"el","s":{"a":0,"k":[1080,1080],"ix":2},"p":{"a":0,"k":[0,0],"ix":3},"nm":"Ellipse Path 1","mn":"ADBE Vector Shape - Ellipse","hd":false},{"ty":"fl","c":{"a":0,"k":[1,1,1,1],"ix":4},"o":{"a":0,"k":100,"ix":5},"r":1,"bm":0,"nm":"Fill 1","mn":"ADBE Vector Graphic - Fill","hd":false},{"ty":"tr","p":{"a":0,"k":[0,-117.766],"ix":2},"a":{"a":0,"k":[0,0],"ix":1},"s":{"a":0,"k":[100,28.923],"ix":3},"r":{"a":0,"k":0,"ix":6},"o":{"a":0,"k":100,"ix":7},"sk":{"a":0,"k":0,"ix":4},"sa":{"a":0,"k":0,"ix":5},"nm":"Transform"}],"nm":"Teeth","np":2,"cix":2,"bm":0,"ix":1,"mn":"ADBE Vector Group","hd":false},{"ty":"gr","it":[{"d":1,"ty":"el","s":{"a":0,"k":[995.6,995.6],"ix":2},"p":{"a":0,"k":[0,0],"ix":3},"nm":"Ellipse Path 1","mn":"ADBE Vector Shape - Ellipse","hd":false},{"ty":"fl","c":{"a":0,"k":[0.748483455882,0.202622537052,0.202622537052,1],"ix":4},"o":{"a":0,"k":100,"ix":5},"r":1,"bm":0,"nm":"Fill 1","mn":"ADBE Vector Graphic - Fill","hd":false},{"ty":"tr","p":{"a":1,"k":[{"i":{"x":0.667,"y":1},"o":{"x":0.333,"y":0},"t":0,"s":[-0.594,284.42],"to":[0,5.717],"ti":[0,0]},{"i":{"x":0.833,"y":1},"o":{"x":0.333,"y":0},"t":11.197,"s":[-0.594,311.42],"to":[0,0],"ti":[0,-3.062]},{"i":{"x":0.667,"y":1},"o":{"x":0.333,"y":0},"t":22.391,"s":[-0.594,284.42],"to":[0,5.717],"ti":[0,0]},{"i":{"x":0.833,"y":1},"o":{"x":0.333,"y":0},"t":33.592,"s":[-0.594,311.42],"to":[0,0],"ti":[0,-3.062]},{"i":{"x":0.667,"y":1},"o":{"x":0.333,"y":0},"t":44.787,"s":[-0.594,284.42],"to":[0,5.717],"ti":[0,0]},{"i":{"x":0.833,"y":1},"o":{"x":0.333,"y":0},"t":56,"s":[-0.594,311.42],"to":[0,0],"ti":[0,-3.062]},{"i":{"x":0.667,"y":1},"o":{"x":0.333,"y":0},"t":67.176,"s":[-0.594,284.42],"to":[0,5.717],"ti":[0,0]},{"i":{"x":0.833,"y":1},"o":{"x":0.333,"y":0},"t":78.369,"s":[-0.594,311.42],"to":[0,0],"ti":[0,-3.062]},{"i":{"x":0.667,"y":1},"o":{"x":0.333,"y":0},"t":89.564,"s":[-0.594,284.42],"to":[0,5.717],"ti":[0,0]},{"i":{"x":0.833,"y":1},"o":{"x":0.333,"y":0},"t":100.766,"s":[-0.594,311.42],"to":[0,0],"ti":[0,-3.062]},{"i":{"x":0.667,"y":1},"o":{"x":0.333,"y":0},"t":111.959,"s":[-0.594,284.42],"to":[0,5.717],"ti":[0,0]},{"i":{"x":0.833,"y":1},"o":{"x":0.333,"y":0},"t":123.156,"s":[-0.594,311.42],"to":[0,0],"ti":[0,-3.062]},{"i":{"x":0.667,"y":1},"o":{"x":0.333,"y":0},"t":134.352,"s":[-0.594,284.42],"to":[0,5.717],"ti":[0,0]},{"i":{"x":0.833,"y":1},"o":{"x":0.333,"y":0},"t":145.545,"s":[-0.594,311.42],"to":[0,0],"ti":[0,-3.062]},{"i":{"x":0.667,"y":1},"o":{"x":0.333,"y":0},"t":156.744,"s":[-0.594,284.42],"to":[0,5.717],"ti":[0,0]},{"i":{"x":0.833,"y":1},"o":{"x":0.333,"y":0},"t":167.941,"s":[-0.594,311.42],"to":[0,0],"ti":[0,-3.062]},{"i":{"x":0.667,"y":1},"o":{"x":0.333,"y":0},"t":179.137,"s":[-0.594,284.42],"to":[0,5.717],"ti":[0,0]},{"i":{"x":0.833,"y":1},"o":{"x":0.333,"y":0},"t":190.33,"s":[-0.594,311.42],"to":[0,0],"ti":[0,-3.062]},{"t":201.5234375,"s":[-0.594,284.42]}],"ix":2},"a":{"a":0,"k":[0,-21.5],"ix":1},"s":{"a":0,"k":[59.237,28.923],"ix":3},"r":{"a":0,"k":0,"ix":6},"o":{"a":0,"k":100,"ix":7},"sk":{"a":0,"k":0,"ix":4},"sa":{"a":0,"k":0,"ix":5},"nm":"Transform"}],"nm":"Tongue","np":2,"cix":2,"bm":0,"ix":2,"mn":"ADBE Vector Group","hd":false}],"ip":-1,"op":711,"st":-1,"bm":0},{"ddd":0,"ind":6,"ty":0,"nm":"Mouth_PRECOMP","parent":2,"refId":"comp_0","sr":1,"ks":{"o":{"a":0,"k":100,"ix":11},"r":{"a":0,"k":-5.5,"ix":10},"p":{"a":0,"k":[31.797,57.736,0],"ix":2},"a":{"a":0,"k":[540,540,0],"ix":1},"s":{"a":0,"k":[100,100,100],"ix":6}},"ao":0,"w":1080,"h":1080,"ip":0,"op":712,"st":0,"bm":0},{"ddd":0,"ind":8,"ty":0,"nm":"HEAD_GLOBAL PRECOMP","refId":"comp_1","sr":1,"ks":{"o":{"a":0,"k":100,"ix":11},"r":{"a":1,"k":[{"i":{"x":[0.23],"y":[1]},"o":{"x":[0.77],"y":[0]},"t":5,"s":[5.5]},{"i":{"x":[0.23],"y":[1]},"o":{"x":[0.77],"y":[0]},"t":67,"s":[-5.5]},{"i":{"x":[0.23],"y":[1]},"o":{"x":[0.77],"y":[0]},"t":101,"s":[-5.5]},{"t":156,"s":[5.5]}],"ix":10},"p":{"s":true,"x":{"a":0,"k":540,"ix":3},"y":{"a":1,"k":[{"i":{"x":[0.833],"y":[1]},"o":{"x":[0.333],"y":[0]},"t":-17.379,"s":[529.871]},{"i":{"x":[0.833],"y":[1]},"o":{"x":[0.167],"y":[0]},"t":-6.189,"s":[510.129]},{"i":{"x":[0.833],"y":[1]},"o":{"x":[0.333],"y":[0]},"t":5.002,"s":[529.871]},{"i":{"x":[0.833],"y":[1]},"o":{"x":[0.167],"y":[0]},"t":16.191,"s":[510.129]},{"i":{"x":[0.833],"y":[1]},"o":{"x":[0.333],"y":[0]},"t":27,"s":[573.871]},{"i":{"x":[0.833],"y":[1]},"o":{"x":[0.167],"y":[0]},"t":39,"s":[493.129]},{"i":{"x":[0.833],"y":[1]},"o":{"x":[0.333],"y":[0]},"t":50,"s":[549.871]},{"i":{"x":[0.833],"y":[1]},"o":{"x":[0.333],"y":[0]},"t":61,"s":[529.871]},{"i":{"x":[0.833],"y":[1]},"o":{"x":[0.333],"y":[0]},"t":72,"s":[537.271]},{"i":{"x":[0.833],"y":[1]},"o":{"x":[0.167],"y":[0]},"t":84,"s":[510.129]},{"i":{"x":[0.833],"y":[1]},"o":{"x":[0.333],"y":[0]},"t":94.523,"s":[529.871]},{"i":{"x":[0.833],"y":[1]},"o":{"x":[0.167],"y":[0]},"t":105.713,"s":[510.129]},{"i":{"x":[0.833],"y":[1]},"o":{"x":[0.333],"y":[0]},"t":117,"s":[575.071]},{"i":{"x":[0.833],"y":[1]},"o":{"x":[0.167],"y":[0]},"t":128,"s":[489.429]},{"i":{"x":[0.833],"y":[1]},"o":{"x":[0.333],"y":[0]},"t":139,"s":[537.971]},{"i":{"x":[0.833],"y":[1]},"o":{"x":[0.167],"y":[0]},"t":150.473,"s":[510.129]},{"i":{"x":[0.833],"y":[1]},"o":{"x":[0.333],"y":[0]},"t":161.662,"s":[529.871]},{"i":{"x":[0.833],"y":[1]},"o":{"x":[0.167],"y":[0]},"t":172.855,"s":[510.129]},{"i":{"x":[0.833],"y":[1]},"o":{"x":[0.333],"y":[0]},"t":184.045,"s":[529.871]},{"t":195.234375,"s":[510.129]}],"ix":4}},"a":{"a":0,"k":[540,540,0],"ix":1},"s":{"a":1,"k":[{"i":{"x":[0.667,0.667,0.667],"y":[1,1,1]},"o":{"x":[0.333,0.333,0.333],"y":[0,0,0]},"t":16,"s":[100,100,100]},{"i":{"x":[0.667,0.667,0.667],"y":[1,1,1]},"o":{"x":[0.333,0.333,0.333],"y":[0,0,0]},"t":27,"s":[105,95,100]},{"i":{"x":[0.667,0.667,0.667],"y":[1,1,1]},"o":{"x":[0.333,0.333,0.333],"y":[0,0,0]},"t":39,"s":[97.5,102.5,100]},{"i":{"x":[0.667,0.667,0.667],"y":[1,1,1]},"o":{"x":[0.333,0.333,0.333],"y":[0,0,0]},"t":50,"s":[100,100,100]},{"i":{"x":[0.667,0.667,0.667],"y":[1,1,1]},"o":{"x":[0.333,0.333,0.333],"y":[0,0,0]},"t":106,"s":[100,100,100]},{"i":{"x":[0.667,0.667,0.667],"y":[1,1,1]},"o":{"x":[0.333,0.333,0.333],"y":[0,0,0]},"t":117,"s":[105,95,100]},{"i":{"x":[0.667,0.667,0.667],"y":[1,1,1]},"o":{"x":[0.333,0.333,0.333],"y":[0,0,0]},"t":129,"s":[97.5,102.5,100]},{"t":140,"s":[100,100,100]}],"ix":6}},"ao":0,"w":1080,"h":1080,"ip":-1,"op":869,"st":-1,"bm":0}],"markers":[{"tm":157,"cm":"LOOP","dr":0}]}