{"v":"5.6.10","fr":60,"ip":0,"op":266,"w":1080,"h":1080,"nm":"Shocked_MAIN","ddd":0,"assets":[{"id":"comp_0","layers":[{"ddd":0,"ind":1,"ty":4,"nm":"FLAT","sr":1,"ks":{"o":{"a":0,"k":100,"ix":11},"r":{"a":0,"k":0,"ix":10},"p":{"a":0,"k":[540,540,0],"ix":2},"a":{"a":0,"k":[0,0,0],"ix":1},"s":{"a":0,"k":[100,100,100],"ix":6}},"ao":0,"shapes":[{"ty":"gr","it":[{"d":1,"ty":"el","s":{"a":0,"k":[770,770],"ix":2},"p":{"a":0,"k":[0,0],"ix":3},"nm":"Ellipse Path 1","mn":"ADBE Vector Shape - Ellipse","hd":false},{"ty":"fl","c":{"a":0,"k":[1,0.724767288507,0.105575980392,1],"ix":4},"o":{"a":0,"k":100,"ix":5},"r":1,"bm":0,"nm":"Fill 1","mn":"ADBE Vector Graphic - Fill","hd":false},{"ty":"tr","p":{"a":0,"k":[0,0],"ix":2},"a":{"a":0,"k":[0,0],"ix":1},"s":{"a":0,"k":[100,100],"ix":3},"r":{"a":0,"k":0,"ix":6},"o":{"a":0,"k":100,"ix":7},"sk":{"a":0,"k":0,"ix":4},"sa":{"a":0,"k":0,"ix":5},"nm":"Transform"}],"nm":"Ellipse 1","np":2,"cix":2,"bm":0,"ix":1,"mn":"ADBE Vector Group","hd":false}],"ip":0,"op":3604,"st":0,"bm":0}]}],"layers":[{"ddd":0,"ind":1,"ty":3,"nm":"Face Null","parent":11,"sr":1,"ks":{"o":{"a":0,"k":0,"ix":11},"r":{"a":1,"k":[{"i":{"x":[0],"y":[1]},"o":{"x":[0.2],"y":[0]},"t":0,"s":[5]},{"i":{"x":[0],"y":[1]},"o":{"x":[0.167],"y":[0]},"t":90,"s":[0]},{"i":{"x":[0.468],"y":[1]},"o":{"x":[0.167],"y":[0]},"t":249,"s":[0]},{"t":265,"s":[5]}],"ix":10},"p":{"a":1,"k":[{"i":{"x":0,"y":1},"o":{"x":0.2,"y":0},"t":0,"s":[540,649.7,0],"to":[0,0,0],"ti":[0.5,32.783,0]},{"i":{"x":0.023,"y":1},"o":{"x":0.167,"y":0},"t":90,"s":[540,443,0],"to":[-31.414,174.093,0],"ti":[0,30.167,0]},{"i":{"x":0.667,"y":1},"o":{"x":0.333,"y":0},"t":140,"s":[474,451,0],"to":[0,0.208,0],"ti":[0,0,0]},{"i":{"x":0.255,"y":0.932},"o":{"x":0.333,"y":0},"t":149,"s":[474,451,0],"to":[25.5,170.667,0],"ti":[-11.75,60.767,0]},{"i":{"x":0.505,"y":1},"o":{"x":0.495,"y":0.297},"t":193,"s":[607,474,0],"to":[6.238,-32.259,0],"ti":[0,0,0]},{"i":{"x":0.468,"y":1},"o":{"x":0.28,"y":0},"t":249,"s":[609,428.4,0],"to":[0,0,0],"ti":[0,0,0]},{"t":265,"s":[540,649.7,0]}],"ix":2},"a":{"a":0,"k":[50,50,0],"ix":1},"s":{"a":1,"k":[{"i":{"x":[0,0,0.062],"y":[0.999,1,1]},"o":{"x":[0.2,0.337,0.44],"y":[0,0,0]},"t":0,"s":[100,80,100]},{"i":{"x":[0,0,0.062],"y":[1,1,1]},"o":{"x":[0.167,0.167,0.167],"y":[0,0,0]},"t":90,"s":[100,100,100]},{"i":{"x":[0.468,0.491,0.21],"y":[1,1,1]},"o":{"x":[0.167,0.167,0.167],"y":[0,0,0]},"t":249,"s":[100,100,100]},{"t":265,"s":[100,80,100]}],"ix":6}},"ao":0,"ip":0,"op":359,"st":-21,"bm":0},{"ddd":0,"ind":2,"ty":4,"nm":"Eyebrow_L","parent":1,"sr":1,"ks":{"o":{"a":0,"k":100,"ix":11},"r":{"a":0,"k":0,"ix":10},"p":{"a":1,"k":[{"i":{"x":0,"y":1},"o":{"x":0.363,"y":0},"t":0,"s":[43,50.5,0],"to":[0,-0.048,0],"ti":[0,0,0]},{"i":{"x":0.062,"y":0.062},"o":{"x":0.167,"y":0.167},"t":57,"s":[43,23,0],"to":[0,0,0],"ti":[0,0,0]},{"i":{"x":0.256,"y":1},"o":{"x":0.457,"y":0},"t":92,"s":[43,23,0],"to":[0,0,0],"ti":[0,0,0]},{"i":{"x":0,"y":1},"o":{"x":0.205,"y":0},"t":102,"s":[43,30.1,0],"to":[0,0,0],"ti":[0,0,0]},{"i":{"x":0.645,"y":0.905},"o":{"x":0.473,"y":0},"t":149,"s":[43,5.5,0],"to":[0,0,0],"ti":[0,0,0]},{"i":{"x":0.12,"y":1},"o":{"x":0.186,"y":0.08},"t":169,"s":[43,61.722,0],"to":[0,0,0],"ti":[0,0,0]},{"i":{"x":0.132,"y":1},"o":{"x":0.415,"y":0},"t":193,"s":[43,19.8,0],"to":[0,0,0],"ti":[0,0,0]},{"i":{"x":0.159,"y":1},"o":{"x":0.28,"y":0},"t":248,"s":[43,3,0],"to":[0,0,0],"ti":[0,1.333,0]},{"t":265,"s":[43,50.5,0]}],"ix":2},"a":{"a":0,"k":[34,-1,0],"ix":1},"s":{"a":0,"k":[100,100,100],"ix":6}},"ao":0,"shapes":[{"ty":"gr","it":[{"ind":0,"ty":"sh","ix":1,"ks":{"a":1,"k":[{"i":{"x":0.192,"y":1},"o":{"x":0.586,"y":0},"t":0,"s":[{"i":[[1.926,-0.24],[40.301,2.318]],"o":[[-45.846,5.711],[-1.943,-0.112]],"v":[[89.059,41.27],[-15.949,42.479]],"c":false}]},{"i":{"x":0.667,"y":1},"o":{"x":0.167,"y":0},"t":25,"s":[{"i":[[1.907,0.365],[11.956,-30.061]],"o":[[-36.469,-6.985],[-0.719,1.808]],"v":[[60.85,-5.989],[-32.026,43.025]],"c":false}]},{"i":{"x":0.159,"y":1},"o":{"x":0.333,"y":0},"t":92,"s":[{"i":[[1.907,0.365],[11.956,-30.061]],"o":[[-36.469,-6.985],[-0.719,1.808]],"v":[[60.85,-5.989],[-32.026,43.025]],"c":false}]},{"i":{"x":0,"y":1},"o":{"x":0.586,"y":0},"t":102,"s":[{"i":[[1.926,-0.24],[40.301,2.318]],"o":[[-45.846,5.711],[-1.943,-0.112]],"v":[[89.059,41.27],[-15.949,42.479]],"c":false}]},{"i":{"x":0.667,"y":1},"o":{"x":0.333,"y":0},"t":113,"s":[{"i":[[1.907,0.365],[11.956,-30.061]],"o":[[-36.469,-6.985],[-0.719,1.808]],"v":[[60.85,-5.989],[-32.026,43.025]],"c":false}]},{"i":{"x":0.159,"y":1},"o":{"x":0.333,"y":0},"t":154,"s":[{"i":[[1.907,0.365],[11.956,-30.061]],"o":[[-36.469,-6.985],[-0.719,1.808]],"v":[[60.85,-5.989],[-32.026,43.025]],"c":false}]},{"i":{"x":0,"y":1},"o":{"x":0.586,"y":0},"t":163,"s":[{"i":[[1.926,-0.24],[40.301,2.318]],"o":[[-45.846,5.711],[-1.943,-0.112]],"v":[[89.059,41.27],[-15.949,42.479]],"c":false}]},{"i":{"x":0.391,"y":1},"o":{"x":0.333,"y":0},"t":183,"s":[{"i":[[1.907,0.365],[11.956,-30.061]],"o":[[-36.469,-6.985],[-0.719,1.808]],"v":[[60.85,-5.989],[-32.026,43.025]],"c":false}]},{"i":{"x":0.159,"y":1},"o":{"x":0.167,"y":0},"t":248,"s":[{"i":[[1.907,0.365],[11.956,-30.061]],"o":[[-36.469,-6.985],[-0.719,1.808]],"v":[[60.85,-5.989],[-32.026,43.025]],"c":false}]},{"t":265,"s":[{"i":[[1.926,-0.24],[40.301,2.318]],"o":[[-45.846,5.711],[-1.943,-0.112]],"v":[[89.059,41.27],[-15.949,42.479]],"c":false}]}],"ix":2},"nm":"Path 1","mn":"ADBE Vector Shape - Group","hd":false},{"ty":"st","c":{"a":0,"k":[0,0,0,1],"ix":3},"o":{"a":0,"k":100,"ix":4},"w":{"a":0,"k":22,"ix":5},"lc":2,"lj":1,"ml":4,"bm":0,"nm":"Stroke 1","mn":"ADBE Vector Graphic - Stroke","hd":false},{"ty":"tr","p":{"a":0,"k":[-125,-137],"ix":2},"a":{"a":0,"k":[0,0],"ix":1},"s":{"a":0,"k":[100,100],"ix":3},"r":{"a":0,"k":0,"ix":6},"o":{"a":0,"k":100,"ix":7},"sk":{"a":0,"k":0,"ix":4},"sa":{"a":0,"k":0,"ix":5},"nm":"Transform"}],"nm":"Ellipse 1","np":2,"cix":2,"bm":0,"ix":1,"mn":"ADBE Vector Group","hd":false}],"ip":0,"op":359,"st":-23,"bm":0},{"ddd":0,"ind":3,"ty":4,"nm":"Eyebrow_R","parent":2,"sr":1,"ks":{"o":{"a":0,"k":100,"ix":11},"r":{"a":0,"k":0,"ix":10},"p":{"a":0,"k":[34,-1,0],"ix":2},"a":{"a":0,"k":[34,-1,0],"ix":1},"s":{"a":0,"k":[-100,100,100],"ix":6}},"ao":0,"shapes":[{"ty":"gr","it":[{"ind":0,"ty":"sh","ix":1,"ks":{"a":1,"k":[{"i":{"x":0.192,"y":1},"o":{"x":0.586,"y":0},"t":0,"s":[{"i":[[1.926,-0.24],[40.301,2.318]],"o":[[-45.846,5.711],[-1.943,-0.112]],"v":[[85.725,41.826],[-19.283,43.034]],"c":false}]},{"i":{"x":0.27,"y":1},"o":{"x":0.167,"y":0},"t":25,"s":[{"i":[[1.907,0.365],[11.956,-30.061]],"o":[[-36.469,-6.985],[-0.719,1.808]],"v":[[60.85,-5.989],[-32.026,43.025]],"c":false}]},{"i":{"x":0.159,"y":1},"o":{"x":0.28,"y":0},"t":92,"s":[{"i":[[1.907,0.365],[11.956,-30.061]],"o":[[-36.469,-6.985],[-0.719,1.808]],"v":[[60.85,-5.989],[-32.026,43.025]],"c":false}]},{"i":{"x":0,"y":1},"o":{"x":0.586,"y":0},"t":102,"s":[{"i":[[1.926,-0.24],[40.301,2.318]],"o":[[-45.846,5.711],[-1.943,-0.112]],"v":[[85.725,41.826],[-19.283,43.034]],"c":false}]},{"i":{"x":0.667,"y":1},"o":{"x":0.28,"y":0},"t":113,"s":[{"i":[[1.907,0.365],[11.956,-30.061]],"o":[[-36.469,-6.985],[-0.719,1.808]],"v":[[60.85,-5.989],[-32.026,43.025]],"c":false}]},{"i":{"x":0.159,"y":1},"o":{"x":0.333,"y":0},"t":154,"s":[{"i":[[1.907,0.365],[11.956,-30.061]],"o":[[-36.469,-6.985],[-0.719,1.808]],"v":[[60.85,-5.989],[-32.026,43.025]],"c":false}]},{"i":{"x":0,"y":1},"o":{"x":0.586,"y":0},"t":163,"s":[{"i":[[1.926,-0.24],[40.301,2.318]],"o":[[-45.846,5.711],[-1.943,-0.112]],"v":[[89.059,41.27],[-15.949,42.479]],"c":false}]},{"i":{"x":0.391,"y":1},"o":{"x":0.333,"y":0},"t":183,"s":[{"i":[[1.907,0.365],[11.956,-30.061]],"o":[[-36.469,-6.985],[-0.719,1.808]],"v":[[60.85,-5.989],[-32.026,43.025]],"c":false}]},{"i":{"x":0.159,"y":1},"o":{"x":0.167,"y":0},"t":248,"s":[{"i":[[1.907,0.365],[11.956,-30.061]],"o":[[-36.469,-6.985],[-0.719,1.808]],"v":[[60.85,-5.989],[-32.026,43.025]],"c":false}]},{"t":265,"s":[{"i":[[1.926,-0.24],[40.301,2.318]],"o":[[-45.846,5.711],[-1.943,-0.112]],"v":[[85.725,41.826],[-19.283,43.034]],"c":false}]}],"ix":2},"nm":"Path 1","mn":"ADBE Vector Shape - Group","hd":false},{"ty":"st","c":{"a":0,"k":[0,0,0,1],"ix":3},"o":{"a":0,"k":100,"ix":4},"w":{"a":0,"k":22,"ix":5},"lc":2,"lj":1,"ml":4,"bm":0,"nm":"Stroke 1","mn":"ADBE Vector Graphic - Stroke","hd":false},{"ty":"st","c":{"a":0,"k":[0,0,0,1],"ix":3},"o":{"a":0,"k":100,"ix":4},"w":{"a":0,"k":2,"ix":5},"lc":1,"lj":1,"ml":4,"bm":0,"nm":"Stroke 2","mn":"ADBE Vector Graphic - Stroke","hd":false},{"ty":"st","c":{"a":0,"k":[0,0,0,1],"ix":3},"o":{"a":0,"k":100,"ix":4},"w":{"a":0,"k":2,"ix":5},"lc":1,"lj":1,"ml":4,"bm":0,"nm":"Stroke 3","mn":"ADBE Vector Graphic - Stroke","hd":false},{"ty":"tr","p":{"a":0,"k":[-125,-137],"ix":2},"a":{"a":0,"k":[0,0],"ix":1},"s":{"a":0,"k":[100,100],"ix":3},"r":{"a":0,"k":0,"ix":6},"o":{"a":0,"k":100,"ix":7},"sk":{"a":0,"k":0,"ix":4},"sa":{"a":0,"k":0,"ix":5},"nm":"Transform"}],"nm":"Ellipse 1","np":4,"cix":2,"bm":0,"ix":1,"mn":"ADBE Vector Group","hd":false}],"ip":0,"op":359,"st":-23,"bm":0},{"ddd":0,"ind":4,"ty":4,"nm":"Eye 2","parent":1,"sr":1,"ks":{"o":{"a":0,"k":100,"ix":11},"r":{"a":0,"k":0,"ix":10},"p":{"a":1,"k":[{"i":{"x":0.833,"y":0.833},"o":{"x":0.333,"y":0.333},"t":193,"s":[170.5,1,0],"to":[0,0,0],"ti":[0,0,0]},{"i":{"x":0.667,"y":0.667},"o":{"x":0.333,"y":0.333},"t":248,"s":[170.5,1,0],"to":[0,0,0],"ti":[0,0,0]},{"t":265,"s":[170.5,1,0]}],"ix":2},"a":{"a":0,"k":[0,0,0],"ix":1},"s":{"a":1,"k":[{"i":{"x":[0.13,0.13,0.833],"y":[1,1,1]},"o":{"x":[0.552,0.547,0.333],"y":[0,0,0]},"t":0,"s":[154.5,25.2,100]},{"i":{"x":[0.833,0.833,0.833],"y":[1,1,1]},"o":{"x":[0.167,0.167,0.167],"y":[0,0,0]},"t":25,"s":[122,190,100]},{"i":{"x":[0.19,0.19,0.19],"y":[1,1,1]},"o":{"x":[0.333,0.333,0.333],"y":[0,0,0]},"t":92,"s":[122,190,100]},{"i":{"x":[0.19,0.19,0.19],"y":[1,1,1]},"o":{"x":[0.333,0.333,0.333],"y":[0,0,0]},"t":102,"s":[154.5,25.2,100]},{"i":{"x":[0,0,0],"y":[1,1,1]},"o":{"x":[0.333,0.333,0.333],"y":[0,0,0]},"t":103,"s":[154.5,25.2,100]},{"i":{"x":[0.821,0.821,0.821],"y":[1,1,1]},"o":{"x":[0.187,0.187,0.187],"y":[0,0,0]},"t":120,"s":[122,190,100]},{"i":{"x":[0.19,0.19,0.19],"y":[1,1,1]},"o":{"x":[0.333,0.333,0.333],"y":[0,0,0]},"t":154,"s":[122,190,100]},{"i":{"x":[0.19,0.19,0.19],"y":[1,1,1]},"o":{"x":[0.333,0.333,0.333],"y":[0,0,0]},"t":163,"s":[154.5,25.2,100]},{"i":{"x":[0.21,0.21,0.21],"y":[1,1,1]},"o":{"x":[0.333,0.333,0.333],"y":[0,0,0]},"t":167,"s":[154.5,25.2,100]},{"i":{"x":[0.833,0.833,0.833],"y":[1,1,1]},"o":{"x":[0.205,0.205,0.205],"y":[0,0,0]},"t":183,"s":[122,190,100]},{"i":{"x":[0.19,0.19,0.19],"y":[1,1,1]},"o":{"x":[0.333,0.333,0.333],"y":[0,0,0]},"t":204,"s":[122,190,100]},{"i":{"x":[0,0,0],"y":[1,1,1]},"o":{"x":[0.333,0.333,0.333],"y":[0,0,0]},"t":213,"s":[154.5,25.2,100]},{"i":{"x":[0.639,0.639,0.639],"y":[1,1,1]},"o":{"x":[0.294,0.294,0.294],"y":[0,0,0]},"t":222,"s":[122,190,100]},{"i":{"x":[0.629,0.629,0.629],"y":[1,1,1]},"o":{"x":[0.333,0.333,0.333],"y":[0,0,0]},"t":248,"s":[122,190,100]},{"t":265,"s":[154.5,25.2,100]}],"ix":6}},"ao":0,"shapes":[{"ty":"gr","it":[{"d":1,"ty":"el","s":{"a":0,"k":[51,51],"ix":2},"p":{"a":0,"k":[0,0],"ix":3},"nm":"Ellipse Path 1","mn":"ADBE Vector Shape - Ellipse","hd":false},{"ty":"fl","c":{"a":0,"k":[0,0,0,1],"ix":4},"o":{"a":0,"k":100,"ix":5},"r":1,"bm":0,"nm":"Fill 1","mn":"ADBE Vector Graphic - Fill","hd":false},{"ty":"tr","p":{"a":0,"k":[0,0],"ix":2},"a":{"a":0,"k":[0,0],"ix":1},"s":{"a":0,"k":[100,100],"ix":3},"r":{"a":0,"k":0,"ix":6},"o":{"a":0,"k":100,"ix":7},"sk":{"a":0,"k":0,"ix":4},"sa":{"a":0,"k":0,"ix":5},"nm":"Transform"}],"nm":"Ellipse 1","np":2,"cix":2,"bm":0,"ix":1,"mn":"ADBE Vector Group","hd":false}],"ip":0,"op":359,"st":-13,"bm":0},{"ddd":0,"ind":5,"ty":4,"nm":"Eye","parent":1,"sr":1,"ks":{"o":{"a":0,"k":100,"ix":11},"r":{"a":0,"k":0,"ix":10},"p":{"a":1,"k":[{"i":{"x":0.833,"y":0.833},"o":{"x":0.333,"y":0.333},"t":193,"s":[-71,1,0],"to":[0,0,0],"ti":[0,0,0]},{"i":{"x":0.667,"y":0.667},"o":{"x":0.333,"y":0.333},"t":248,"s":[-71,1,0],"to":[0,0,0],"ti":[0,0,0]},{"t":265,"s":[-71,1,0]}],"ix":2},"a":{"a":0,"k":[0,0,0],"ix":1},"s":{"a":1,"k":[{"i":{"x":[0.13,0.13,0.833],"y":[1,1,1]},"o":{"x":[0.552,0.547,0.333],"y":[0,0,0]},"t":0,"s":[154.5,25.2,100]},{"i":{"x":[0.833,0.833,0.833],"y":[1,1,1]},"o":{"x":[0.167,0.167,0.167],"y":[0,0,0]},"t":25,"s":[122,190,100]},{"i":{"x":[0.19,0.19,0.19],"y":[1,1,1]},"o":{"x":[0.333,0.333,0.333],"y":[0,0,0]},"t":92,"s":[122,190,100]},{"i":{"x":[0.19,0.19,0.19],"y":[1,1,1]},"o":{"x":[0.333,0.333,0.333],"y":[0,0,0]},"t":102,"s":[154.5,25.2,100]},{"i":{"x":[0,0,0],"y":[1,1,1]},"o":{"x":[0.333,0.333,0.333],"y":[0,0,0]},"t":103,"s":[154.5,25.2,100]},{"i":{"x":[0.821,0.821,0.821],"y":[1,1,1]},"o":{"x":[0.187,0.187,0.187],"y":[0,0,0]},"t":120,"s":[122,190,100]},{"i":{"x":[0.19,0.19,0.19],"y":[1,1,1]},"o":{"x":[0.333,0.333,0.333],"y":[0,0,0]},"t":154,"s":[122,190,100]},{"i":{"x":[0.19,0.19,0.19],"y":[1,1,1]},"o":{"x":[0.333,0.333,0.333],"y":[0,0,0]},"t":163,"s":[154.5,25.2,100]},{"i":{"x":[0.21,0.21,0.21],"y":[1,1,1]},"o":{"x":[0.333,0.333,0.333],"y":[0,0,0]},"t":167,"s":[154.5,25.2,100]},{"i":{"x":[0.833,0.833,0.833],"y":[1,1,1]},"o":{"x":[0.205,0.205,0.205],"y":[0,0,0]},"t":183,"s":[122,190,100]},{"i":{"x":[0.19,0.19,0.19],"y":[1,1,1]},"o":{"x":[0.333,0.333,0.333],"y":[0,0,0]},"t":204,"s":[122,190,100]},{"i":{"x":[0,0,0],"y":[1,1,1]},"o":{"x":[0.333,0.333,0.333],"y":[0,0,0]},"t":213,"s":[154.5,25.2,100]},{"i":{"x":[0.639,0.639,0.639],"y":[1,1,1]},"o":{"x":[0.294,0.294,0.294],"y":[0,0,0]},"t":222,"s":[122,190,100]},{"i":{"x":[0.629,0.629,0.629],"y":[1,1,1]},"o":{"x":[0.333,0.333,0.333],"y":[0,0,0]},"t":248,"s":[122,190,100]},{"t":265,"s":[154.5,25.2,100]}],"ix":6}},"ao":0,"shapes":[{"ty":"gr","it":[{"d":1,"ty":"el","s":{"a":0,"k":[51,51],"ix":2},"p":{"a":0,"k":[0,0],"ix":3},"nm":"Ellipse Path 1","mn":"ADBE Vector Shape - Ellipse","hd":false},{"ty":"fl","c":{"a":0,"k":[0,0,0,1],"ix":4},"o":{"a":0,"k":100,"ix":5},"r":1,"bm":0,"nm":"Fill 1","mn":"ADBE Vector Graphic - Fill","hd":false},{"ty":"tr","p":{"a":0,"k":[0,0],"ix":2},"a":{"a":0,"k":[0,0],"ix":1},"s":{"a":0,"k":[100,100],"ix":3},"r":{"a":0,"k":0,"ix":6},"o":{"a":0,"k":100,"ix":7},"sk":{"a":0,"k":0,"ix":4},"sa":{"a":0,"k":0,"ix":5},"nm":"Transform"}],"nm":"Ellipse 1","np":2,"cix":2,"bm":0,"ix":1,"mn":"ADBE Vector Group","hd":false}],"ip":0,"op":359,"st":-13,"bm":0},{"ddd":0,"ind":7,"ty":4,"nm":"Mouth","parent":1,"sr":1,"ks":{"o":{"a":0,"k":100,"ix":11},"r":{"a":1,"k":[{"i":{"x":[0.44],"y":[1]},"o":{"x":[0.56],"y":[0]},"t":90,"s":[0]},{"i":{"x":[0.833],"y":[1]},"o":{"x":[0.56],"y":[0]},"t":107,"s":[-4.8]},{"i":{"x":[0.833],"y":[1]},"o":{"x":[0.167],"y":[0]},"t":149,"s":[-4.8]},{"t":174,"s":[4.8]}],"ix":10},"p":{"a":1,"k":[{"i":{"x":0.061,"y":1},"o":{"x":0.236,"y":0},"t":0,"s":[49,201,0],"to":[0,9.833,0],"ti":[0,-9.833,0]},{"i":{"x":0,"y":1},"o":{"x":0.317,"y":0},"t":90,"s":[49,260,0],"to":[0,0,0],"ti":[0,0,0]},{"i":{"x":0.833,"y":0.833},"o":{"x":0.333,"y":0.333},"t":126,"s":[49,201,0],"to":[0,0,0],"ti":[0,0,0]},{"i":{"x":0.23,"y":1},"o":{"x":0.701,"y":0},"t":149,"s":[49,201,0],"to":[0,0,0],"ti":[0,0,0]},{"i":{"x":0.167,"y":0.167},"o":{"x":0.415,"y":0.415},"t":193,"s":[49,260,0],"to":[0,0,0],"ti":[0,0,0]},{"i":{"x":0.497,"y":1},"o":{"x":0.28,"y":0},"t":250,"s":[49,260,0],"to":[0,0,0],"ti":[0,9.833,0]},{"t":265,"s":[49,201,0]}],"ix":2},"a":{"a":0,"k":[0,0,0],"ix":1},"s":{"a":1,"k":[{"i":{"x":[0.061,0.061,0.667],"y":[1,1,1]},"o":{"x":[0.2,0.2,0.44],"y":[0,0,0]},"t":0,"s":[30,30,100]},{"i":{"x":[0,0,0.33],"y":[1,1,1]},"o":{"x":[0.317,0.317,0.333],"y":[0,0,0]},"t":90,"s":[114.073,173.396,100]},{"i":{"x":[0,0,0.33],"y":[1,1,1]},"o":{"x":[0.333,0.333,0.333],"y":[0,0,0]},"t":126,"s":[68,68,100]},{"i":{"x":[0.801,0.801,0.728],"y":[0.835,1.298,1.06]},"o":{"x":[0.333,0.333,0.333],"y":[0,0,0]},"t":149,"s":[68,68,100]},{"i":{"x":[0.187,0.187,0.62],"y":[1,1,1]},"o":{"x":[0.046,0.321,0.411],"y":[0.732,0.271,-0.196]},"t":163,"s":[93.6,39.994,100]},{"i":{"x":[0.368,0.368,0],"y":[1,1,1]},"o":{"x":[0.452,0.452,0.333],"y":[0,0,0]},"t":193,"s":[96.311,146.396,100]},{"i":{"x":[0.468,0.468,0.21],"y":[1,1,1]},"o":{"x":[0.28,0.28,0.28],"y":[0,0,0]},"t":250,"s":[112.758,171.396,100]},{"t":265,"s":[30,30,100]}],"ix":6}},"ao":0,"shapes":[{"ty":"gr","it":[{"d":1,"ty":"el","s":{"a":0,"k":[149,149],"ix":2},"p":{"a":0,"k":[0,0],"ix":3},"nm":"Ellipse Path 1","mn":"ADBE Vector Shape - Ellipse","hd":false},{"ty":"fl","c":{"a":0,"k":[0,0,0,1],"ix":4},"o":{"a":0,"k":100,"ix":5},"r":1,"bm":0,"nm":"Fill 1","mn":"ADBE Vector Graphic - Fill","hd":false},{"ty":"tr","p":{"a":0,"k":[0,0],"ix":2},"a":{"a":0,"k":[0,0],"ix":1},"s":{"a":0,"k":[100,100],"ix":3},"r":{"a":0,"k":0,"ix":6},"o":{"a":0,"k":100,"ix":7},"sk":{"a":0,"k":0,"ix":4},"sa":{"a":0,"k":0,"ix":5},"nm":"Transform"}],"nm":"Ellipse 1","np":3,"cix":2,"bm":0,"ix":1,"mn":"ADBE Vector Group","hd":false}],"ip":0,"op":359,"st":-19,"bm":0},{"ddd":0,"ind":11,"ty":0,"nm":"HEAD_GLOBAL PRECOMP","refId":"comp_0","sr":1,"ks":{"o":{"a":0,"k":100,"ix":11},"r":{"a":0,"k":0,"ix":10},"p":{"s":true,"x":{"a":0,"k":540,"ix":3},"y":{"a":1,"k":[{"i":{"x":[0],"y":[1]},"o":{"x":[0.184],"y":[0]},"t":0,"s":[565.1]},{"i":{"x":[0.707],"y":[1]},"o":{"x":[0.495],"y":[0]},"t":83,"s":[540]},{"i":{"x":[0.32],"y":[1]},"o":{"x":[0.078],"y":[0]},"t":101,"s":[615]},{"i":{"x":[0.667],"y":[1]},"o":{"x":[0.35],"y":[0]},"t":131,"s":[540]},{"i":{"x":[0.667],"y":[1]},"o":{"x":[0.333],"y":[0]},"t":146,"s":[540]},{"i":{"x":[0],"y":[1]},"o":{"x":[0.179],"y":[0]},"t":164,"s":[615]},{"i":{"x":[0.21],"y":[1]},"o":{"x":[0.333],"y":[0]},"t":201,"s":[540]},{"i":{"x":[0.468],"y":[1]},"o":{"x":[0.167],"y":[0]},"t":246,"s":[540]},{"t":265,"s":[565.1]}],"ix":4}},"a":{"a":0,"k":[540,540,0],"ix":1},"s":{"a":1,"k":[{"i":{"x":[0,0,0.062],"y":[1,1,1]},"o":{"x":[0.189,0.326,0.44],"y":[0,0,0]},"t":0,"s":[80,74.6,100]},{"i":{"x":[0.709,0.709,0.7],"y":[1,1,2.27]},"o":{"x":[0.494,0.494,0.44],"y":[0,0,0]},"t":86,"s":[100,100,100]},{"i":{"x":[0.32,0.32,0.32],"y":[1,1,1]},"o":{"x":[0.078,0.078,0.094],"y":[0,0,-0.662]},"t":104,"s":[105,95,100]},{"i":{"x":[0.667,0.667,0.667],"y":[1,1,1]},"o":{"x":[0.35,0.35,0.35],"y":[0,0,0]},"t":134,"s":[100,100,100]},{"i":{"x":[0.667,0.667,0.667],"y":[1,1,1]},"o":{"x":[0.333,0.333,0.333],"y":[0,0,0]},"t":149,"s":[100,100,100]},{"i":{"x":[0,0,0],"y":[1,1,1]},"o":{"x":[0.179,0.179,0.24],"y":[0,0,0]},"t":167,"s":[105,95,100]},{"i":{"x":[0.208,0.208,0.225],"y":[1,1,1]},"o":{"x":[0.333,0.333,0.333],"y":[0,0,0]},"t":204,"s":[100,100,100]},{"i":{"x":[0.468,0.468,0.21],"y":[1,1,1]},"o":{"x":[0.167,0.167,0.167],"y":[0,0,0]},"t":246,"s":[100,100,100]},{"t":265,"s":[80,74.6,100]}],"ix":6}},"ao":0,"w":1080,"h":1080,"ip":0,"op":359,"st":-21,"bm":0}],"markers":[{"tm":266.140625,"cm":"LOOP","dr":0}]}