{"v":"5.6.10","fr":60,"ip":0,"op":130,"w":1080,"h":1080,"nm":"Silly_MAIN","ddd":0,"assets":[{"id":"comp_0","layers":[{"ddd":0,"ind":1,"ty":4,"nm":"FLAT","sr":1,"ks":{"o":{"a":0,"k":100,"ix":11},"r":{"a":0,"k":0,"ix":10},"p":{"a":0,"k":[540,540,0],"ix":2},"a":{"a":0,"k":[0,0,0],"ix":1},"s":{"a":0,"k":[100,100,100],"ix":6}},"ao":0,"shapes":[{"ty":"gr","it":[{"d":1,"ty":"el","s":{"a":0,"k":[770,770],"ix":2},"p":{"a":0,"k":[0,0],"ix":3},"nm":"Ellipse Path 1","mn":"ADBE Vector Shape - Ellipse","hd":false},{"ty":"fl","c":{"a":0,"k":[1,0.724767288507,0.105575980392,1],"ix":4},"o":{"a":0,"k":100,"ix":5},"r":1,"bm":0,"nm":"Fill 1","mn":"ADBE Vector Graphic - Fill","hd":false},{"ty":"tr","p":{"a":0,"k":[0,0],"ix":2},"a":{"a":0,"k":[0,0],"ix":1},"s":{"a":0,"k":[100,100],"ix":3},"r":{"a":0,"k":0,"ix":6},"o":{"a":0,"k":100,"ix":7},"sk":{"a":0,"k":0,"ix":4},"sa":{"a":0,"k":0,"ix":5},"nm":"Transform"}],"nm":"Ellipse 1","np":2,"cix":2,"bm":0,"ix":1,"mn":"ADBE Vector Group","hd":false}],"ip":0,"op":3604,"st":0,"bm":0}]}],"layers":[{"ddd":0,"ind":1,"ty":3,"nm":"FACE NULL","parent":12,"sr":1,"ks":{"o":{"a":0,"k":0,"ix":11},"r":{"a":0,"k":0,"ix":10},"p":{"a":0,"k":[540,539,0],"ix":2},"a":{"a":0,"k":[0,0,0],"ix":1},"s":{"a":0,"k":[100,100,100],"ix":6}},"ao":0,"ip":-2,"op":718,"st":6,"bm":0},{"ddd":0,"ind":2,"ty":4,"nm":"Pupil 3","parent":1,"sr":1,"ks":{"o":{"a":0,"k":100,"ix":11},"r":{"a":0,"k":0,"ix":10},"p":{"a":0,"k":[-147.115,-108.301,0],"ix":2},"a":{"a":0,"k":[0,0,0],"ix":1},"s":{"a":0,"k":[71.167,71.167,100],"ix":6}},"ao":0,"hasMask":true,"masksProperties":[{"inv":false,"mode":"a","pt":{"a":1,"k":[{"i":{"x":0.833,"y":0.833},"o":{"x":0.167,"y":0.167},"t":96,"s":[{"i":[[53.133,14.104],[33.159,-11.54],[-43.667,-14.784],[-34.918,8.452]],"o":[[-48.504,-12.875],[-30.841,10.733],[31.7,10.733],[33.008,-7.99]],"v":[[64.169,-35.051],[-72.292,-32.469],[-62.119,34.183],[54.723,36.644]],"c":true}]},{"t":97,"s":[{"i":[[72.462,32.425],[45.221,-26.529],[-59.551,-33.989],[-47.62,19.432]],"o":[[-66.148,-29.6],[-42.059,24.675],[43.231,24.674],[45.015,-18.369]],"v":[[85.417,-78.742],[-100.684,-72.807],[-86.811,80.424],[72.535,86.081]],"c":true}]}],"ix":1},"o":{"a":0,"k":100,"ix":3},"x":{"a":0,"k":0,"ix":4},"nm":"Mask 1"}],"shapes":[{"ty":"gr","it":[{"d":1,"ty":"el","s":{"a":0,"k":[100,100],"ix":2},"p":{"a":0,"k":[0,0],"ix":3},"nm":"Ellipse Path 1","mn":"ADBE Vector Shape - Ellipse","hd":false},{"ty":"fl","c":{"a":0,"k":[0,0,0,1],"ix":4},"o":{"a":0,"k":100,"ix":5},"r":1,"bm":0,"nm":"Fill 1","mn":"ADBE Vector Graphic - Fill","hd":false},{"ty":"tr","p":{"a":0,"k":[0,0],"ix":2},"a":{"a":0,"k":[0,0],"ix":1},"s":{"a":0,"k":[100,100],"ix":3},"r":{"a":0,"k":0,"ix":6},"o":{"a":0,"k":100,"ix":7},"sk":{"a":0,"k":0,"ix":4},"sa":{"a":0,"k":0,"ix":5},"nm":"Transform"}],"nm":"Ellipse 1","np":2,"cix":2,"bm":0,"ix":1,"mn":"ADBE Vector Group","hd":false}],"ip":96,"op":248,"st":121,"bm":0},{"ddd":0,"ind":3,"ty":4,"nm":"L Eye 2","parent":1,"sr":1,"ks":{"o":{"a":0,"k":100,"ix":11},"r":{"a":0,"k":0,"ix":10},"p":{"a":0,"k":[-147.115,-108.301,0],"ix":2},"a":{"a":0,"k":[0,0,0],"ix":1},"s":{"a":1,"k":[{"i":{"x":[0,0,0],"y":[1,1,1]},"o":{"x":[0.167,0.167,0.167],"y":[0.167,0.167,0]},"t":96,"s":[53.351,20.499,100]},{"t":105,"s":[71.167,71.167,100]}],"ix":6}},"ao":0,"shapes":[{"ty":"gr","it":[{"ind":0,"ty":"sh","ix":1,"ks":{"a":0,"k":{"i":[[-82.843,0],[0,-82.843],[82.843,0],[0,82.843]],"o":[[82.843,0],[0,82.843],[-82.843,0],[0,-82.843]],"v":[[0,-150],[150,0],[0,150],[-150,0]],"c":true},"ix":2},"nm":"Path 1","mn":"ADBE Vector Shape - Group","hd":false},{"ty":"fl","c":{"a":0,"k":[0.980391977348,0.984314024682,0.992156982422,1],"ix":4},"o":{"a":0,"k":100,"ix":5},"r":1,"bm":0,"nm":"Fill 1","mn":"ADBE Vector Graphic - Fill","hd":false},{"ty":"tr","p":{"a":0,"k":[0,0],"ix":2},"a":{"a":0,"k":[0,0],"ix":1},"s":{"a":0,"k":[100,100],"ix":3},"r":{"a":0,"k":0,"ix":6},"o":{"a":0,"k":100,"ix":7},"sk":{"a":0,"k":0,"ix":4},"sa":{"a":0,"k":0,"ix":5},"nm":"Transform"}],"nm":"Ellipse 1","np":2,"cix":2,"bm":0,"ix":1,"mn":"ADBE Vector Group","hd":false}],"ip":96,"op":248,"st":121,"bm":0},{"ddd":0,"ind":4,"ty":4,"nm":"Pupil 2","parent":1,"sr":1,"ks":{"o":{"a":0,"k":100,"ix":11},"r":{"a":0,"k":0,"ix":10},"p":{"a":0,"k":[-147.115,-108.301,0],"ix":2},"a":{"a":0,"k":[0,0,0],"ix":1},"s":{"a":0,"k":[71.167,71.167,100],"ix":6}},"ao":0,"hasMask":true,"masksProperties":[{"inv":false,"mode":"a","pt":{"a":1,"k":[{"i":{"x":0.833,"y":0.833},"o":{"x":0.167,"y":0.167},"t":17,"s":[{"i":[[56.794,30.381],[43.939,-34.821],[-41.492,-28.757],[-25.896,9.842]],"o":[[-73.561,-39.349],[-38.924,30.847],[41.492,28.757],[25.896,-9.842]],"v":[[100.122,-77.092],[-119.792,-69.877],[-95.282,86.92],[93.915,88.79]],"c":true}]},{"t":18,"s":[{"i":[[35.434,5.488],[27.413,-6.29],[-25.887,-5.195],[-16.156,1.778]],"o":[[-45.894,-7.108],[-24.285,5.572],[25.887,5.195],[16.156,-1.778]],"v":[[62.127,-14.24],[-75.076,-12.936],[-59.784,15.388],[58.254,15.726]],"c":true}]}],"ix":1},"o":{"a":0,"k":100,"ix":3},"x":{"a":0,"k":0,"ix":4},"nm":"Mask 1"}],"shapes":[{"ty":"gr","it":[{"d":1,"ty":"el","s":{"a":0,"k":[100,100],"ix":2},"p":{"a":0,"k":[0,0],"ix":3},"nm":"Ellipse Path 1","mn":"ADBE Vector Shape - Ellipse","hd":false},{"ty":"fl","c":{"a":0,"k":[0,0,0,1],"ix":4},"o":{"a":0,"k":100,"ix":5},"r":1,"bm":0,"nm":"Fill 1","mn":"ADBE Vector Graphic - Fill","hd":false},{"ty":"tr","p":{"a":0,"k":[0,0],"ix":2},"a":{"a":0,"k":[0,0],"ix":1},"s":{"a":0,"k":[100,100],"ix":3},"r":{"a":0,"k":0,"ix":6},"o":{"a":0,"k":100,"ix":7},"sk":{"a":0,"k":0,"ix":4},"sa":{"a":0,"k":0,"ix":5},"nm":"Transform"}],"nm":"Ellipse 1","np":2,"cix":2,"bm":0,"ix":1,"mn":"ADBE Vector Group","hd":false}],"ip":-5,"op":19,"st":-1,"bm":0},{"ddd":0,"ind":5,"ty":4,"nm":"L Eye","parent":1,"sr":1,"ks":{"o":{"a":0,"k":100,"ix":11},"r":{"a":0,"k":0,"ix":10},"p":{"a":0,"k":[-147.115,-108.301,0],"ix":2},"a":{"a":0,"k":[0,0,0],"ix":1},"s":{"a":1,"k":[{"i":{"x":[0.04,0.04,0.04],"y":[1,1,1]},"o":{"x":[0.96,0.96,0.96],"y":[0,0,0]},"t":12,"s":[71.167,71.167,100]},{"t":22,"s":[46.167,0.067,100]}],"ix":6}},"ao":0,"shapes":[{"ty":"gr","it":[{"ind":0,"ty":"sh","ix":1,"ks":{"a":0,"k":{"i":[[-82.843,0],[0,-82.843],[82.843,0],[0,82.843]],"o":[[82.843,0],[0,82.843],[-82.843,0],[0,-82.843]],"v":[[0,-150],[150,0],[0,150],[-150,0]],"c":true},"ix":2},"nm":"Path 1","mn":"ADBE Vector Shape - Group","hd":false},{"ty":"fl","c":{"a":0,"k":[0.980391977348,0.984314024682,0.992156982422,1],"ix":4},"o":{"a":0,"k":100,"ix":5},"r":1,"bm":0,"nm":"Fill 1","mn":"ADBE Vector Graphic - Fill","hd":false},{"ty":"tr","p":{"a":0,"k":[0,0],"ix":2},"a":{"a":0,"k":[0,0],"ix":1},"s":{"a":0,"k":[100,100],"ix":3},"r":{"a":0,"k":0,"ix":6},"o":{"a":0,"k":100,"ix":7},"sk":{"a":0,"k":0,"ix":4},"sa":{"a":0,"k":0,"ix":5},"nm":"Transform"}],"nm":"Ellipse 1","np":2,"cix":2,"bm":0,"ix":1,"mn":"ADBE Vector Group","hd":false}],"ip":-5,"op":19,"st":-1,"bm":0},{"ddd":0,"ind":6,"ty":4,"nm":"L Eye","parent":1,"sr":1,"ks":{"o":{"a":0,"k":100,"ix":11},"r":{"a":0,"k":0,"ix":10},"p":{"a":0,"k":[-149.5,-106.255,0],"ix":2},"a":{"a":0,"k":[-113.5,-66.255,0],"ix":1},"s":{"a":1,"k":[{"i":{"x":[0,0,0],"y":[1,1,1]},"o":{"x":[0.167,0.167,0.167],"y":[0.167,0.167,0.262]},"t":19,"s":[195.6,182.6,100]},{"i":{"x":[0,0,0],"y":[1,1,1]},"o":{"x":[0.167,0.167,0.167],"y":[0,0,0]},"t":25,"s":[148.6,148.6,100]},{"i":{"x":[0,0,0],"y":[1,1,1]},"o":{"x":[0.167,0.167,0.167],"y":[0.167,0.23,7.833]},"t":94,"s":[148.6,148.6,100]},{"t":100,"s":[195.6,182.6,100]}],"ix":6}},"ao":0,"shapes":[{"ty":"gr","it":[{"ind":0,"ty":"sh","ix":1,"ks":{"a":0,"k":{"i":[[0,14.022],[-22.368,0],[0,-14.022]],"o":[[0,-14.022],[22.368,0],[0,14.022]],"v":[[-154,-56.099],[-113.5,-86.505],[-73,-56.099]],"c":false},"ix":2},"nm":"Path 1","mn":"ADBE Vector Shape - Group","hd":false},{"ty":"st","c":{"a":0,"k":[0,0,0,1],"ix":3},"o":{"a":0,"k":100,"ix":4},"w":{"a":0,"k":20,"ix":5},"lc":2,"lj":1,"ml":4,"bm":0,"nm":"Stroke 1","mn":"ADBE Vector Graphic - Stroke","hd":false},{"ty":"tr","p":{"a":0,"k":[0,0],"ix":2},"a":{"a":0,"k":[0,0],"ix":1},"s":{"a":0,"k":[100,100],"ix":3},"r":{"a":0,"k":0,"ix":6},"o":{"a":0,"k":100,"ix":7},"sk":{"a":0,"k":0,"ix":4},"sa":{"a":0,"k":0,"ix":5},"nm":"Transform"}],"nm":"Ellipse 1","np":2,"cix":2,"bm":0,"ix":1,"mn":"ADBE Vector Group","hd":false}],"ip":19,"op":96,"st":-4,"bm":0},{"ddd":0,"ind":7,"ty":4,"nm":"Pupil","parent":8,"sr":1,"ks":{"o":{"a":0,"k":100,"ix":11},"r":{"a":0,"k":0,"ix":10},"p":{"a":0,"k":[0,0,0],"ix":2},"a":{"a":0,"k":[0,0,0],"ix":1},"s":{"a":0,"k":[100,100,100],"ix":6}},"ao":0,"shapes":[{"ty":"gr","it":[{"d":1,"ty":"el","s":{"a":0,"k":[100,100],"ix":2},"p":{"a":0,"k":[0,0],"ix":3},"nm":"Ellipse Path 1","mn":"ADBE Vector Shape - Ellipse","hd":false},{"ty":"fl","c":{"a":0,"k":[0,0,0,1],"ix":4},"o":{"a":0,"k":100,"ix":5},"r":1,"bm":0,"nm":"Fill 1","mn":"ADBE Vector Graphic - Fill","hd":false},{"ty":"tr","p":{"a":0,"k":[0,0],"ix":2},"a":{"a":0,"k":[0,0],"ix":1},"s":{"a":0,"k":[100,100],"ix":3},"r":{"a":0,"k":0,"ix":6},"o":{"a":0,"k":100,"ix":7},"sk":{"a":0,"k":0,"ix":4},"sa":{"a":0,"k":0,"ix":5},"nm":"Transform"}],"nm":"Ellipse 1","np":2,"cix":2,"bm":0,"ix":1,"mn":"ADBE Vector Group","hd":false}],"ip":-3,"op":246,"st":8,"bm":0},{"ddd":0,"ind":8,"ty":4,"nm":"R Eye","parent":1,"sr":1,"ks":{"o":{"a":0,"k":100,"ix":11},"r":{"a":0,"k":0,"ix":10},"p":{"a":0,"k":[143,-107,0],"ix":2},"a":{"a":0,"k":[0,0,0],"ix":1},"s":{"a":0,"k":[71.167,71.167,100],"ix":6}},"ao":0,"shapes":[{"ty":"gr","it":[{"ind":0,"ty":"sh","ix":1,"ks":{"a":0,"k":{"i":[[-82.843,0],[0,-82.843],[82.843,0],[0,82.843]],"o":[[82.843,0],[0,82.843],[-82.843,0],[0,-82.843]],"v":[[0,-150],[150,0],[0,150],[-150,0]],"c":true},"ix":2},"nm":"Path 1","mn":"ADBE Vector Shape - Group","hd":false},{"ty":"fl","c":{"a":0,"k":[0.980391977348,0.984314024682,0.992156982422,1],"ix":4},"o":{"a":0,"k":100,"ix":5},"r":1,"bm":0,"nm":"Fill 1","mn":"ADBE Vector Graphic - Fill","hd":false},{"ty":"tr","p":{"a":0,"k":[0,0],"ix":2},"a":{"a":0,"k":[0,0],"ix":1},"s":{"a":0,"k":[100,100],"ix":3},"r":{"a":0,"k":0,"ix":6},"o":{"a":0,"k":100,"ix":7},"sk":{"a":0,"k":0,"ix":4},"sa":{"a":0,"k":0,"ix":5},"nm":"Transform"}],"nm":"Ellipse 1","np":2,"cix":2,"bm":0,"ix":1,"mn":"ADBE Vector Group","hd":false}],"ip":-3,"op":246,"st":8,"bm":0},{"ddd":0,"ind":9,"ty":4,"nm":"Teeth","parent":11,"sr":1,"ks":{"o":{"a":0,"k":100,"ix":11},"r":{"a":0,"k":0,"ix":10},"p":{"a":1,"k":[{"i":{"x":0,"y":1},"o":{"x":0.72,"y":0},"t":12,"s":[0,-27.789,0],"to":[0,18,0],"ti":[0,-18,0]},{"i":{"x":0.22,"y":0.22},"o":{"x":0.72,"y":0.72},"t":31,"s":[0,80.211,0],"to":[0,0,0],"ti":[0,0,0]},{"i":{"x":0.22,"y":1},"o":{"x":0.3,"y":0},"t":94,"s":[0,80.211,0],"to":[0,-18,0],"ti":[0,18,0]},{"t":113,"s":[0,-27.789,0]}],"ix":2},"a":{"a":0,"k":[0,0,0],"ix":1},"s":{"a":0,"k":[100,100,100],"ix":6}},"ao":0,"hasMask":true,"masksProperties":[{"inv":false,"mode":"a","pt":{"a":1,"k":[{"i":{"x":0,"y":1},"o":{"x":0.167,"y":0.167},"t":22,"s":[{"i":[[4.522,2.426],[6.802,-1.183],[99.821,0],[34.439,-2.896],[3.26,-2.796],[0.108,-4.794],[-153.144,-1.715],[7.409,42.251]],"o":[[-5.818,-2.882],[-38.422,6.899],[-101.906,0],[-4.271,-0.782],[-3.265,2.801],[-3.841,46.144],[144.379,1.617],[-0.235,-5.209]],"v":[[214.43,38.105],[194.798,35.556],[-5.761,68.32],[-203.474,34.658],[-215.141,38.832],[-220.008,50.676],[1.2,220.611],[221.287,49.6]],"c":true}]},{"i":{"x":0.22,"y":1},"o":{"x":0.167,"y":0},"t":33,"s":[{"i":[[3.929,1.609],[6.999,0.35],[107.824,0],[33.78,-14.081],[2.836,-2.558],[1.115,-4.263],[-169.576,-2.09],[16.071,40.927]],"o":[[-5.699,-2.334],[-39.36,-1.969],[-109.48,0],[-3.396,1.416],[-2.608,2.353],[-11.718,44.816],[158.985,1.96],[-1.683,-4.286]],"v":[[220.308,14.269],[201.326,10.388],[-7.833,33.231],[-213.537,9.412],[-222.876,15.327],[-228.466,25.351],[0.87,211.616],[228.71,23.259]],"c":true}]},{"i":{"x":0.833,"y":0.833},"o":{"x":0.3,"y":0},"t":94,"s":[{"i":[[3.929,1.609],[6.999,0.35],[107.824,0],[33.78,-14.081],[2.836,-2.558],[1.115,-4.263],[-169.576,-2.09],[16.071,40.927]],"o":[[-5.699,-2.334],[-39.36,-1.969],[-109.48,0],[-3.396,1.416],[-2.608,2.353],[-11.718,44.816],[158.985,1.96],[-1.683,-4.286]],"v":[[220.145,13.666],[201.163,9.785],[-7.997,32.628],[-213.701,8.809],[-223.039,14.724],[-228.63,24.747],[0.706,211.012],[228.546,22.656]],"c":true}]},{"i":{"x":0.833,"y":0.833},"o":{"x":0.167,"y":0.167},"t":95,"s":[{"i":[[4.2,1.922],[6.997,-0.238],[105.866,0],[34.394,-9.792],[3.031,-2.648],[0.737,-4.467],[-165.006,-1.946],[12.885,41.435]],"o":[[-5.806,-2.544],[-39.414,1.431],[-107.706,0],[-3.771,0.573],[-2.89,2.524],[-8.79,45.325],[155.01,1.828],[-1.14,-4.64]],"v":[[219.868,16.01],[197.506,11.42],[-6.025,37.701],[-212.764,10.351],[-222.738,16.941],[-228.108,27.662],[0.51,207.666],[227.76,25.96]],"c":true}]},{"t":98,"s":[{"i":[[5.065,3.173],[6.621,-2.584],[92.506,0],[35.042,7.326],[3.64,-3.022],[-0.811,-5.279],[-138.125,-1.374],[-0.507,43.462]],"o":[[-5.925,-3.383],[-37.565,15.004],[-94.984,0],[-5.07,-2.79],[-3.866,3.21],[3.358,47.357],[131.029,1.304],[1.089,-6.053]],"v":[[207.733,44.241],[187.507,42.909],[-5.192,84.742],[-195.6,42.083],[-209.396,44.666],[-213.602,58.173],[0.178,213.183],[213.177,58.025]],"c":true}]}],"ix":1},"o":{"a":0,"k":100,"ix":3},"x":{"a":0,"k":0,"ix":4},"nm":"Mask 1"}],"shapes":[{"ty":"gr","it":[{"d":1,"ty":"el","s":{"a":0,"k":[1080,1080],"ix":2},"p":{"a":0,"k":[0,0],"ix":3},"nm":"Ellipse Path 1","mn":"ADBE Vector Shape - Ellipse","hd":false},{"ty":"fl","c":{"a":0,"k":[1,1,1,1],"ix":4},"o":{"a":0,"k":100,"ix":5},"r":1,"bm":0,"nm":"Fill 1","mn":"ADBE Vector Graphic - Fill","hd":false},{"ty":"tr","p":{"a":0,"k":[0,-117.766],"ix":2},"a":{"a":0,"k":[0,0],"ix":1},"s":{"a":0,"k":[100,28.923],"ix":3},"r":{"a":0,"k":0,"ix":6},"o":{"a":0,"k":100,"ix":7},"sk":{"a":0,"k":0,"ix":4},"sa":{"a":0,"k":0,"ix":5},"nm":"Transform"}],"nm":"Ellipse 1","np":2,"cix":2,"bm":0,"ix":2,"mn":"ADBE Vector Group","hd":false}],"ip":-3,"op":720,"st":8,"bm":0},{"ddd":0,"ind":10,"ty":4,"nm":"TONGUE","parent":11,"sr":1,"ks":{"o":{"a":0,"k":100,"ix":11},"r":{"a":1,"k":[{"i":{"x":[0.833],"y":[1]},"o":{"x":[0.333],"y":[0]},"t":32,"s":[-8.4]},{"i":{"x":[0.833],"y":[1]},"o":{"x":[0.167],"y":[0]},"t":43,"s":[10.7]},{"i":{"x":[0.833],"y":[1]},"o":{"x":[0.167],"y":[0]},"t":52,"s":[8.1]},{"i":{"x":[0.833],"y":[1]},"o":{"x":[0.167],"y":[0]},"t":62,"s":[9.3]},{"t":71.333984375,"s":[7.3]}],"ix":10},"p":{"a":1,"k":[{"i":{"x":0,"y":1},"o":{"x":0.4,"y":0},"t":18,"s":[-5.5,171.711,0],"to":[0,2.5,0],"ti":[0,-2.5,0]},{"i":{"x":0.22,"y":0.22},"o":{"x":0.167,"y":0.167},"t":37,"s":[-5.5,186.711,0],"to":[0,0,0],"ti":[0,0,0]},{"i":{"x":0.22,"y":1},"o":{"x":0.3,"y":0},"t":94,"s":[-5.5,186.711,0],"to":[0,7.833,0],"ti":[0,-7.833,0]},{"t":111,"s":[-5.5,233.711,0]}],"ix":2},"a":{"a":0,"k":[-5.5,164.5,0],"ix":1},"s":{"a":1,"k":[{"i":{"x":[0,0,0],"y":[1,1,1]},"o":{"x":[0.4,0.4,0.4],"y":[0,0,0]},"t":14,"s":[19,19,100]},{"i":{"x":[0.22,0.22,0.22],"y":[1,1,1]},"o":{"x":[0.167,0.167,0.167],"y":[0,0,0]},"t":37,"s":[100,100,100]},{"i":{"x":[0.833,0.833,0.833],"y":[0.833,0.833,1]},"o":{"x":[0.44,0.44,0.44],"y":[0,0,0]},"t":94,"s":[100,100,100]},{"t":100,"s":[85.321,49.321,100]}],"ix":6}},"ao":0,"hasMask":true,"masksProperties":[{"inv":false,"mode":"a","pt":{"a":0,"k":{"i":[[677.047,31.503],[-14.128,-112.981],[0,8.974],[-24.804,0],[-12.5,0],[-39.232,0],[0,-19.659],[0,51.5]],"o":[[-596.45,-27.753],[1.593,12.736],[0,-20.634],[40.488,0],[12,0],[26.098,0],[0,36],[0,-51.5]],"v":[[-88.415,652.121],[-188.372,136.981],[-117,187.5],[-71.988,146.674],[-4.5,162.5],[58.982,146.625],[107,185.5],[178.5,102]],"c":true},"ix":1},"o":{"a":0,"k":100,"ix":3},"x":{"a":0,"k":0,"ix":4},"nm":"Mask 1"}],"shapes":[{"ty":"gr","it":[{"ind":0,"ty":"sh","ix":1,"ks":{"a":1,"k":[{"i":{"x":0.833,"y":1},"o":{"x":0.167,"y":0},"t":30,"s":[{"i":[[0,-94],[0,-94.333]],"o":[[0,99],[0,0]],"v":[[-5,154],[-6,339]],"c":false}]},{"i":{"x":0.833,"y":1},"o":{"x":0.333,"y":0},"t":35,"s":[{"i":[[0,-94],[-27.604,-55.057]],"o":[[0,99],[0,0]],"v":[[-5,154],[35.785,339.097]],"c":false}]},{"i":{"x":0.833,"y":1},"o":{"x":0.167,"y":0},"t":45,"s":[{"i":[[-8.019,-93.657],[41.793,-45.326]],"o":[[6.736,78.665],[0,0]],"v":[[-5,154],[-46.503,331.854]],"c":false}]},{"i":{"x":0.833,"y":1},"o":{"x":0.167,"y":0},"t":54.666,"s":[{"i":[[0,-94],[-6.436,-56.261]],"o":[[0,99],[0,0]],"v":[[-5,154],[-0.085,340.714]],"c":false}]},{"i":{"x":0.833,"y":1},"o":{"x":0.167,"y":0},"t":65,"s":[{"i":[[-4.216,-93.905],[17.704,-53.698]],"o":[[3.022,67.298],[0,0]],"v":[[-5,154],[-34.868,336.211]],"c":false}]},{"t":74,"s":[{"i":[[-8.679,-93.598],[19.122,-64.064]],"o":[[4.976,53.666],[0,0]],"v":[[-5,154],[-26.741,335.561]],"c":false}]}],"ix":2},"nm":"Path 1","mn":"ADBE Vector Shape - Group","hd":false},{"ty":"tm","s":{"a":0,"k":0,"ix":1},"e":{"a":1,"k":[{"i":{"x":[0],"y":[1]},"o":{"x":[0.4],"y":[0]},"t":18,"s":[0]},{"i":{"x":[0.22],"y":[1]},"o":{"x":[0.167],"y":[0]},"t":37,"s":[100]},{"i":{"x":[0.833],"y":[0.833]},"o":{"x":[0.3],"y":[0]},"t":94,"s":[100]},{"t":100,"s":[0]}],"ix":2},"o":{"a":0,"k":0,"ix":3},"m":1,"ix":2,"nm":"Trim Paths 1","mn":"ADBE Vector Filter - Trim","hd":false},{"ty":"st","c":{"a":0,"k":[0.749019607843,0.203921568627,0.203921568627,1],"ix":3},"o":{"a":0,"k":100,"ix":4},"w":{"a":0,"k":224,"ix":5},"lc":2,"lj":1,"ml":4,"bm":0,"nm":"Stroke 1","mn":"ADBE Vector Graphic - Stroke","hd":false},{"ty":"tr","p":{"a":0,"k":[0,0],"ix":2},"a":{"a":0,"k":[0,0],"ix":1},"s":{"a":0,"k":[100,100],"ix":3},"r":{"a":0,"k":0,"ix":6},"o":{"a":0,"k":100,"ix":7},"sk":{"a":0,"k":0,"ix":4},"sa":{"a":0,"k":0,"ix":5},"nm":"Transform"}],"nm":"Shape 1","np":3,"cix":2,"bm":0,"ix":1,"mn":"ADBE Vector Group","hd":false}],"ip":-3,"op":101,"st":8,"bm":0},{"ddd":0,"ind":11,"ty":4,"nm":"Mouth","parent":1,"sr":1,"ks":{"o":{"a":0,"k":100,"ix":11},"r":{"a":0,"k":0,"ix":10},"p":{"a":1,"k":[{"i":{"x":0,"y":1},"o":{"x":0.167,"y":0},"t":14,"s":[0,-82.611,0],"to":[0,13.733,0],"ti":[0,-13.733,0]},{"i":{"x":0.22,"y":0.22},"o":{"x":0.167,"y":0.167},"t":33,"s":[0,-0.211,0],"to":[0,0,0],"ti":[0,0,0]},{"i":{"x":0.22,"y":1},"o":{"x":0.3,"y":0},"t":94,"s":[0,-0.211,0],"to":[0,-13.733,0],"ti":[0,13.733,0]},{"t":106,"s":[0,-82.611,0]}],"ix":2},"a":{"a":0,"k":[0,0,0],"ix":1},"s":{"a":1,"k":[{"i":{"x":[0,0,0],"y":[1,1,1]},"o":{"x":[0.167,0.167,0.167],"y":[0,0,0]},"t":14,"s":[100.8,100.8,100]},{"i":{"x":[0.22,0.22,0.22],"y":[1,1,1]},"o":{"x":[0.167,0.167,0.167],"y":[0,0,0]},"t":33,"s":[100,100,100]},{"i":{"x":[0.22,0.22,0.22],"y":[1,1,1]},"o":{"x":[0.3,0.3,0.3],"y":[0,0,0]},"t":94,"s":[100,100,100]},{"t":106,"s":[100.8,100.8,100]}],"ix":6}},"ao":0,"shapes":[{"ty":"gr","it":[{"ind":0,"ty":"sh","ix":1,"ks":{"a":1,"k":[{"i":{"x":0,"y":1},"o":{"x":0.167,"y":0},"t":14,"s":[{"i":[[7.323,6.28],[5.871,-8.414],[62.07,0],[37.548,49.86],[5.188,-4.004],[-4.639,-7.297],[-75.631,0],[-33.447,48.499]],"o":[[-6.375,-5.466],[-33.999,48.727],[-66.181,0],[-8.395,-11.147],[-6.367,4.914],[33.315,52.406],[75.483,0],[6.596,-9.564]],"v":[[183.186,142.591],[160.487,146.324],[0.494,225.887],[-159.522,145.794],[-182.174,141.758],[-183.629,162.185],[-0.758,255.092],[182.753,165.897]],"c":true}]},{"i":{"x":0.22,"y":1},"o":{"x":0.167,"y":0},"t":33,"s":[{"i":[[3.929,1.609],[6.999,0.35],[107.824,0],[33.78,-14.081],[2.836,-2.558],[1.115,-4.263],[-169.576,-2.09],[16.071,40.927]],"o":[[-5.699,-2.334],[-39.36,-1.969],[-109.48,0],[-3.396,1.416],[-2.608,2.353],[-11.718,44.816],[158.985,1.96],[-1.683,-4.286]],"v":[[220.147,95.153],[201.164,91.272],[-7.995,114.115],[-213.699,90.296],[-223.037,96.211],[-228.628,106.235],[0.708,292.5],[228.548,104.144]],"c":true}]},{"i":{"x":0.22,"y":1},"o":{"x":0.3,"y":0},"t":94,"s":[{"i":[[3.929,1.609],[6.999,0.35],[107.824,0],[33.78,-14.081],[2.836,-2.558],[1.115,-4.263],[-169.576,-2.09],[16.071,40.927]],"o":[[-5.699,-2.334],[-39.36,-1.969],[-109.48,0],[-3.396,1.416],[-2.608,2.353],[-11.718,44.816],[158.985,1.96],[-1.683,-4.286]],"v":[[220.147,95.153],[201.164,91.272],[-7.995,114.115],[-213.699,90.296],[-223.037,96.211],[-228.628,106.235],[0.708,292.5],[228.548,104.144]],"c":true}]},{"t":106,"s":[{"i":[[7.323,6.28],[5.871,-8.414],[62.07,0],[37.548,49.86],[5.188,-4.004],[-4.639,-7.297],[-75.631,0],[-33.447,48.499]],"o":[[-6.375,-5.466],[-33.999,48.727],[-66.181,0],[-8.395,-11.147],[-6.367,4.914],[33.315,52.406],[75.483,0],[6.596,-9.564]],"v":[[183.186,142.591],[160.487,146.324],[0.494,225.887],[-159.522,145.794],[-182.174,141.758],[-183.629,162.185],[-0.758,255.092],[182.753,165.897]],"c":true}]}],"ix":2},"nm":"Path 1","mn":"ADBE Vector Shape - Group","hd":false},{"ty":"gf","o":{"a":0,"k":100,"ix":10},"r":1,"bm":0,"g":{"p":2,"k":{"a":0,"k":[0,1,1,1,1,0,0,0],"ix":9}},"s":{"a":0,"k":[-1.742,75.082],"ix":5},"e":{"a":0,"k":[-0.439,276.054],"ix":6},"t":1,"nm":"Gradient Fill 2","mn":"ADBE Vector Graphic - G-Fill","hd":false},{"ty":"tr","p":{"a":0,"k":[0,0],"ix":2},"a":{"a":0,"k":[0,0],"ix":1},"s":{"a":0,"k":[100,100],"ix":3},"r":{"a":0,"k":0,"ix":6},"o":{"a":0,"k":100,"ix":7},"sk":{"a":0,"k":0,"ix":4},"sa":{"a":0,"k":0,"ix":5},"nm":"Transform"}],"nm":"Ellipse 1","np":2,"cix":2,"bm":0,"ix":1,"mn":"ADBE Vector Group","hd":false}],"ip":-3,"op":878,"st":-52,"bm":0},{"ddd":0,"ind":12,"ty":0,"nm":"HEAD_GLOBAL PRECOMP","refId":"comp_0","sr":1,"ks":{"o":{"a":0,"k":100,"ix":11},"r":{"a":1,"k":[{"i":{"x":[0.667],"y":[1]},"o":{"x":[0.75],"y":[0]},"t":13,"s":[0]},{"i":{"x":[0.667],"y":[1]},"o":{"x":[0.333],"y":[0]},"t":30,"s":[-40]},{"i":{"x":[0.667],"y":[1]},"o":{"x":[0.333],"y":[0]},"t":41,"s":[-10]},{"i":{"x":[0.667],"y":[1]},"o":{"x":[0.333],"y":[0]},"t":50,"s":[-23.158]},{"i":{"x":[0.667],"y":[1]},"o":{"x":[0.333],"y":[0]},"t":59,"s":[-18.348]},{"i":{"x":[0.25],"y":[1]},"o":{"x":[0.35],"y":[0]},"t":69,"s":[-20]},{"i":{"x":[0.544],"y":[1]},"o":{"x":[0.227],"y":[0]},"t":83,"s":[-20]},{"i":{"x":[0.31],"y":[1]},"o":{"x":[0.28],"y":[0]},"t":91,"s":[-28.4]},{"i":{"x":[0.31],"y":[1]},"o":{"x":[0.167],"y":[0]},"t":103,"s":[7.6]},{"i":{"x":[0.31],"y":[1]},"o":{"x":[0.167],"y":[0]},"t":115,"s":[-3.3]},{"t":127,"s":[0]}],"ix":10},"p":{"s":true,"x":{"a":0,"k":540,"ix":3},"y":{"a":0,"k":540,"ix":4}},"a":{"a":0,"k":[540,540,0],"ix":1},"s":{"a":1,"k":[{"i":{"x":[0.23,0.23,0.23],"y":[1,1,1]},"o":{"x":[0.333,0.333,0.333],"y":[0,0,0]},"t":10,"s":[100,100,100]},{"i":{"x":[0.667,0.667,0.667],"y":[1,1,1]},"o":{"x":[0.333,0.333,0.333],"y":[0,0,0]},"t":18,"s":[70,70,100]},{"i":{"x":[0.667,0.667,0.667],"y":[1,1,1]},"o":{"x":[0.333,0.333,0.333],"y":[0,0,0]},"t":30,"s":[110,110,100]},{"i":{"x":[0.833,0.833,0.833],"y":[1,1,1]},"o":{"x":[0.167,0.167,0.167],"y":[0,0,0]},"t":50,"s":[100,100,100]},{"i":{"x":[0.23,0.23,0.23],"y":[1,1,1]},"o":{"x":[0.333,0.333,0.333],"y":[0,0,0]},"t":83,"s":[100,100,100]},{"i":{"x":[0.667,0.667,0.667],"y":[1,1,1]},"o":{"x":[0.333,0.333,0.333],"y":[0,0,0]},"t":91,"s":[70,70,100]},{"i":{"x":[0.667,0.667,0.667],"y":[1,1,1]},"o":{"x":[0.333,0.333,0.333],"y":[0,0,0]},"t":103,"s":[110,110,100]},{"i":{"x":[0.667,0.667,0.667],"y":[1,1,1]},"o":{"x":[0.167,0.167,0.167],"y":[0,0,0]},"t":115,"s":[100,100,100]},{"t":127,"s":[100,100,100]}],"ix":6}},"ao":0,"w":1080,"h":1080,"ip":0,"op":870,"st":0,"bm":0}],"markers":[{"tm":131,"cm":"LOOP","dr":0}]}