{
  "id": "1636017",
  "name": "百家云",
  "font_family": "iconfont",
  "css_prefix_text": "icon-",
  "description": "",
  "glyphs": [
    {
      "icon_id": "7643",
      "name": "播放",
      "font_class": "bofang",
      "unicode": "e600",
      "unicode_decimal": 58880
    },
    {
      "icon_id": "74566",
      "name": "老师",
      "font_class": "teacher",
      "unicode": "e603",
      "unicode_decimal": 58883
    },
    {
      "icon_id": "1365373",
      "name": "公告",
      "font_class": "gonggao",
      "unicode": "e683",
      "unicode_decimal": 59011
    },
    {
      "icon_id": "1526402",
      "name": "公告",
      "font_class": "gonggao1",
      "unicode": "e679",
      "unicode_decimal": 59001
    },
    {
      "icon_id": "1684809",
      "name": "刷新",
      "font_class": "shuaxin",
      "unicode": "e6ba",
      "unicode_decimal": 59066
    },
    {
      "icon_id": "12751548",
      "name": "设置",
      "font_class": "shezhi_huaban",
      "unicode": "e612",
      "unicode_decimal": 58898
    },
    {
      "icon_id": "12752439",
      "name": "全屏",
      "font_class": "quanping_huaban",
      "unicode": "e623",
      "unicode_decimal": 58915
    },
    {
      "icon_id": "1336372",
      "name": "图片",
      "font_class": "plus-pic",
      "unicode": "e719",
      "unicode_decimal": 59161
    },
    {
      "icon_id": "2280727",
      "name": "答题卡",
      "font_class": "datiqia",
      "unicode": "e67a",
      "unicode_decimal": 59002
    },
    {
      "icon_id": "2284708",
      "name": "点名",
      "font_class": "dianming",
      "unicode": "e67c",
      "unicode_decimal": 59004
    },
    {
      "icon_id": "1121075",
      "name": "全屏",
      "font_class": "quanping",
      "unicode": "e7a6",
      "unicode_decimal": 59302
    },
    {
      "icon_id": "1471079",
      "name": "表情",
      "font_class": "biaoqing-xue",
      "unicode": "e632",
      "unicode_decimal": 58930
    },
    {
      "icon_id": "2154820",
      "name": "播放器-弹幕（关）_44",
      "font_class": "bofangqi-danmuguan",
      "unicode": "e696",
      "unicode_decimal": 59030
    },
    {
      "icon_id": "2154821",
      "name": "播放器-弹幕（开）_44",
      "font_class": "bofangqi-danmukai",
      "unicode": "e697",
      "unicode_decimal": 59031
    },
    {
      "icon_id": "2538277",
      "name": "举手新",
      "font_class": "shou",
      "unicode": "e693",
      "unicode_decimal": 59027
    },
    {
      "icon_id": "4933368",
      "name": "屏幕共享",
      "font_class": "pingmugongxiang",
      "unicode": "e746",
      "unicode_decimal": 59206
    },
    {
      "icon_id": "10262050",
      "name": "设 置",
      "font_class": "shezhi1",
      "unicode": "e611",
      "unicode_decimal": 58897
    }
  ]
}
