{
  "id": "1663392",
  "name": "回放",
  "font_family": "iconfont",
  "css_prefix_text": "icon-",
  "description": "",
  "glyphs": [
    {
      "icon_id": "7417097",
      "name": "音量",
      "font_class": "volume",
      "unicode": "e605",
      "unicode_decimal": 58885
    },
    {
      "icon_id": "2154820",
      "name": "播放器-弹幕（关）_44",
      "font_class": "barrage-off",
      "unicode": "e696",
      "unicode_decimal": 59030
    },
    {
      "icon_id": "2154821",
      "name": "播放器-弹幕（开）_44",
      "font_class": "barrage-on",
      "unicode": "e697",
      "unicode_decimal": 59031
    },
    {
      "icon_id": "4346519",
      "name": "暂停",
      "font_class": "play",
      "unicode": "e619",
      "unicode_decimal": 58905
    },
    {
      "icon_id": "4570098",
      "name": "播放",
      "font_class": "pause",
      "unicode": "e626",
      "unicode_decimal": 58918
    }
  ]
}
